class,file,md5
no_flood,aider_raw/AIDER/normal/normal_image0020.jpg,5b3a26f56d3218ecd5193de6b5920350
no_flood,aider_raw/AIDER/normal/normal_image0021.jpg,b337863cb62b362274acf4f822141067
no_flood,aider_raw/AIDER/normal/normal_image0022.jpg,ca2c364592b0da1b93100fc229117534
no_flood,aider_raw/AIDER/normal/normal_image0024.jpg,d834f0947a9a46053f739f42f6bc1a6c
no_flood,aider_raw/AIDER/normal/normal_image0025.jpg,48059c81ea82445f20c539f016786209
no_flood,aider_raw/AIDER/normal/normal_image0026.jpg,f9b8393c2b6f0abec3015a4848458ea6
no_flood,aider_raw/AIDER/normal/normal_image0027.jpg,3aa5cbca3208f2901f7eba1facf667de
no_flood,aider_raw/AIDER/normal/normal_image0029.jpg,d9e0a178e4492cdfe99a87c9a48ea12f
no_flood,aider_raw/AIDER/normal/normal_image0033.jpg,e4e3086504be40ddf965157ea5a6df7e
no_flood,aider_raw/AIDER/normal/normal_image0037.jpg,72eef7f47afe88eaf12b19cec451545d
no_flood,aider_raw/AIDER/normal/normal_image0052.jpg,b1cefd3e538bfa298ca6d8140f2f0af2
no_flood,aider_raw/AIDER/normal/normal_image0054.jpg,b0d6facd630dee874447f6851e89075d
no_flood,aider_raw/AIDER/normal/normal_image0062.jpg,812ebd5c7c40810d6f51e42221a2cc99
no_flood,aider_raw/AIDER/normal/normal_image0068.jpg,a5eb14304cf0d09e222d6e278271ec7a
no_flood,aider_raw/AIDER/normal/normal_image0069.jpg,d4cfe24f244e0eab6ffdae364a3852d3
no_flood,aider_raw/AIDER/normal/normal_image0070.jpg,abbed0ab076f38348eebce12e67a33f2
no_flood,aider_raw/AIDER/normal/normal_image0079.jpg,467d78c929f1bfef23c03c4cb8648f24
no_flood,aider_raw/AIDER/normal/normal_image0080.jpg,c8d42655b03621d56b6028cf4110b0bf
no_flood,aider_raw/AIDER/normal/normal_image0082.jpg,0689ca8e661590b66384b5a64b634c26
no_flood,aider_raw/AIDER/normal/normal_image0094.jpg,5dab7423582accf93bd9086eb6e92808
no_flood,aider_raw/AIDER/normal/normal_image0100.jpg,acf96cbe364f0bd9720281ed789c4f66
no_flood,aider_raw/AIDER/normal/normal_image0106.jpg,079084c504b6b182d2b3aebc7da41e5e
no_flood,aider_raw/AIDER/normal/normal_image0118.jpg,387523a886b4469f844de0d764225316
no_flood,aider_raw/AIDER/normal/normal_image0119.jpg,87ce56fdcc1d49389a28991cebf67e36
no_flood,aider_raw/AIDER/normal/normal_image0120.jpg,3987fbd6dedf68b1e717e84ccd464904
no_flood,aider_raw/AIDER/normal/normal_image0129.jpg,4314af5865566276e632f9cf0b6a2cc6
no_flood,aider_raw/AIDER/normal/normal_image0134.jpg,5ce46a35d6b9758187638c4b4fdfe143
no_flood,aider_raw/AIDER/normal/normal_image0137.jpg,efbee26d10af53ec51dfdf06a05bb941
no_flood,aider_raw/AIDER/normal/normal_image0142.jpg,802da1cdf34f74019b534961d18c27b6
no_flood,aider_raw/AIDER/normal/normal_image0149.jpg,9a7443d1c49ec48bf2a21fbee91d811d
no_flood,aider_raw/AIDER/normal/normal_image0150.jpg,93b8ce2ce41e026e070de7bee3aef65b
no_flood,aider_raw/AIDER/normal/normal_image0152.jpg,9717cc94dd81b9c7071581f94582d08d
no_flood,aider_raw/AIDER/normal/normal_image0157.jpg,5143fde0008d7b3e6be187280525ee5d
no_flood,aider_raw/AIDER/normal/normal_image0167.jpg,1b180c82d891a06060b0b678d9a35867
no_flood,aider_raw/AIDER/normal/normal_image0168.jpg,e0326ac3c961cc51924ad37762760c5f
no_flood,aider_raw/AIDER/normal/normal_image0171.jpg,f82107a01cdbd25c11f3f8a178b74eca
no_flood,aider_raw/AIDER/normal/normal_image0181.jpg,8be8e812bfdee88691f3d3cba4aed486
no_flood,aider_raw/AIDER/normal/normal_image0184.jpg,1ae7a51a3dd364c942a5c4d926930106
no_flood,aider_raw/AIDER/normal/normal_image0193.jpg,bd63d9c8a8d2f049e9407c529867472c
no_flood,aider_raw/AIDER/normal/normal_image0203.jpg,3614a15741dacd7a2f9beae68a341265
no_flood,aider_raw/AIDER/normal/normal_image0204.jpg,1cd4dd9775543c0014f743e4ffadbff0
no_flood,aider_raw/AIDER/normal/normal_image0205.jpg,b45d0a60abb133b661bb2bc6a6b24dd6
no_flood,aider_raw/AIDER/normal/normal_image0208.jpg,1c586cead314f8d7f25214a3ba5005f7
no_flood,aider_raw/AIDER/normal/normal_image0214.jpg,df19adaf900da43732d19bc1c1f99744
no_flood,aider_raw/AIDER/normal/normal_image0215.jpg,dcbcf2d86c987feea1d1aa7f831266fe
no_flood,aider_raw/AIDER/normal/normal_image0217.jpg,49103baea6e182d883ad1164f6b38d9f
no_flood,aider_raw/AIDER/normal/normal_image0231.jpg,de900e6ead49c20e3bf943a3cef74fa1
no_flood,aider_raw/AIDER/normal/normal_image0234.jpg,d9883c22374dbcb35507762890382a98
no_flood,aider_raw/AIDER/normal/normal_image0237.jpg,79a4891017b79be47cbd2f8e1cd440ac
no_flood,aider_raw/AIDER/normal/normal_image0240.jpg,a4eb60156670d307be5e0ca00fb4d7db
no_flood,aider_raw/AIDER/normal/normal_image0246.jpg,cc0e396f9a101812c766c3146cf7ede9
no_flood,aider_raw/AIDER/normal/normal_image0247.jpg,2c4ad07759bb75285ec1f89f0ae2fd3d
no_flood,aider_raw/AIDER/normal/normal_image0257.jpg,863acf740a7373c540aa2d7a26df416e
no_flood,aider_raw/AIDER/normal/normal_image0262.jpg,88f5a1929ff34dcd2f617c5136bd5505
no_flood,aider_raw/AIDER/normal/normal_image0264.jpg,c1180849bf98af204688dcb668982625
no_flood,aider_raw/AIDER/normal/normal_image0278.jpg,6805aee6d4663f7166cf0f017f0f73f4
no_flood,aider_raw/AIDER/normal/normal_image0286.jpg,4efce6306f98767ed99b9d9d7221b007
no_flood,aider_raw/AIDER/normal/normal_image0290.jpg,34a8f6af03b97a060839a06fd9e69703
no_flood,aider_raw/AIDER/normal/normal_image0294.jpg,0c3c92919a065e99f5b4bf815a44629d
no_flood,aider_raw/AIDER/normal/normal_image0301.jpg,c9b4f21dfc08567207bfd0c9ce76cdd7
no_flood,aider_raw/AIDER/normal/normal_image0304.jpg,041aa5391145186e2c601b3e0807007c
no_flood,aider_raw/AIDER/normal/normal_image0307.jpg,df2c0a6eee9d6f8c2432af96b5d26e40
no_flood,aider_raw/AIDER/normal/normal_image0310.jpg,b14550ae52bdaf1715c087dc1ccf0d3d
no_flood,aider_raw/AIDER/normal/normal_image0313.jpg,a289cd7874af8fcd77eddd63bde85a34
no_flood,aider_raw/AIDER/normal/normal_image0317.jpg,d5542545fdc4312b65d136dbf5b9a4af
no_flood,aider_raw/AIDER/normal/normal_image0318.jpg,fa9b34e98a5c48b2319ef73f927db53d
no_flood,aider_raw/AIDER/normal/normal_image0319.jpg,68e35d557b04b42e1c7875290fdd33bb
no_flood,aider_raw/AIDER/normal/normal_image0324.jpg,14326489e91187daa45552687f600a60
no_flood,aider_raw/AIDER/normal/normal_image0339.jpg,d4a9215427f7007eba1147cec9ee7c10
no_flood,aider_raw/AIDER/normal/normal_image0343.jpg,fee7cbe1d59f89d7bbc37e726b106e07
no_flood,aider_raw/AIDER/normal/normal_image0348.jpg,24b3ae879c71719d0f98a599ce4a463a
no_flood,aider_raw/AIDER/normal/normal_image0349.jpg,9997d89eee3d547e4e7fea17518fb148
no_flood,aider_raw/AIDER/normal/normal_image0351.jpg,301972c5b7798fc002d60366ad1af72c
no_flood,aider_raw/AIDER/normal/normal_image0361.jpg,22b2dcc87d9c322ffac6ece2a15555a4
no_flood,aider_raw/AIDER/normal/normal_image0365.jpg,d58ddb6344b03b649b0e559fda8bb30e
no_flood,aider_raw/AIDER/normal/normal_image0368.jpg,1c59d467d895ebb1e4fce15ab5eda999
no_flood,aider_raw/AIDER/normal/normal_image0375.jpg,a4e6feb529dcb2c824d3728225ac2b49
no_flood,aider_raw/AIDER/normal/normal_image0376.jpg,744a2d821ca4cb971d065c1f0a928846
no_flood,aider_raw/AIDER/normal/normal_image0381.jpg,755fcbcad7a94cf968fc8e55a15134e8
no_flood,aider_raw/AIDER/normal/normal_image0388.jpg,322d1a1984dd0d7b9b334fc9e189b043
no_flood,aider_raw/AIDER/normal/normal_image0392.jpg,7f20ed6a2817beab95161484d8a66f9b
no_flood,aider_raw/AIDER/normal/normal_image0394.jpg,28b87ad461361955e5934ff4dd16926c
no_flood,aider_raw/AIDER/normal/normal_image0399.jpg,2f5f9a4a7caae411e12560c45399e8c9
no_flood,aider_raw/AIDER/normal/normal_image0401.jpg,478c0ecdc17f8863c92ccc5851716500
no_flood,aider_raw/AIDER/normal/normal_image0403.jpg,950a775b3c6b7c954782388b27133d59
no_flood,aider_raw/AIDER/normal/normal_image0404.jpg,cc6383a4661d5159dbfd87a4af5ba6d8
no_flood,aider_raw/AIDER/normal/normal_image0405.jpg,235d490dce50e651a812b21b83b1504c
no_flood,aider_raw/AIDER/normal/normal_image0408.jpg,d5501eb95192a344f39de7db4f8daa89
no_flood,aider_raw/AIDER/normal/normal_image0411.jpg,64f0ffb88d096ac88a63e515e5e088d2
no_flood,aider_raw/AIDER/normal/normal_image0415.jpg,7db1aaab78eafb4d40508ac92736ebbf
no_flood,aider_raw/AIDER/normal/normal_image0421.jpg,2fa82ebe4e9a05de2b18047d163aa9d1
no_flood,aider_raw/AIDER/normal/normal_image0424.jpg,b833f588a478ef8c5b8b5f4996b7f2c8
no_flood,aider_raw/AIDER/normal/normal_image0425.jpg,3ad19037d7e00722d446033dd6815062
no_flood,aider_raw/AIDER/normal/normal_image0427.jpg,e9e73b1406d87d3276d6008febac23e4
no_flood,aider_raw/AIDER/normal/normal_image0434.jpg,ce79a18554fecf01cf5a0796f332f8bf
no_flood,aider_raw/AIDER/normal/normal_image0436.jpg,790fe91766932540f320933727cff25c
no_flood,aider_raw/AIDER/normal/normal_image0438.jpg,971e3c523af7d0843eefa2791e67a388
no_flood,aider_raw/AIDER/normal/normal_image0442.jpg,cc9ecb8b666b157288d0c38d35c2822e
no_flood,aider_raw/AIDER/normal/normal_image0445.jpg,d398b2cbbbcc6dfe437885f5b1beb4c7
no_flood,aider_raw/AIDER/normal/normal_image0448.jpg,09d8630dc8327b5838277fa768f85b50
no_flood,aider_raw/AIDER/normal/normal_image0450.jpg,206bb7f1c7c874cd7e972966f583b898
no_flood,aider_raw/AIDER/normal/normal_image0452.jpg,60827e96681ea388964284193de5452e
no_flood,aider_raw/AIDER/normal/normal_image0457.jpg,6f762fe503b1913d047a79e6ae40d277
no_flood,aider_raw/AIDER/normal/normal_image0462.jpg,a9a7295dbddbe0bad5a96432283b1a18
no_flood,aider_raw/AIDER/normal/normal_image0465.jpg,3340f5e20958c27da6433301f97f6095
no_flood,aider_raw/AIDER/normal/normal_image0466.jpg,2ffeb6a169e76f3caaa60b625f12fc77
no_flood,aider_raw/AIDER/normal/normal_image0469.jpg,fbb0fd93cfe0512dc40a9a1046f612cb
no_flood,aider_raw/AIDER/normal/normal_image0475.jpg,931a22aac8387842793a9eaa53e97ecc
no_flood,aider_raw/AIDER/normal/normal_image0485.jpg,d5f46dda6fd8bd4fa2f417d8fba420e2
no_flood,aider_raw/AIDER/normal/normal_image0486.jpg,4ee8e0206ed8ca0ecb969ab04425204c
no_flood,aider_raw/AIDER/normal/normal_image0489.jpg,2d954da5b06a8026ae5c5e448b02d161
no_flood,aider_raw/AIDER/normal/normal_image0495.jpg,e369f5b1b708a8b2930b76290a84e71a
no_flood,aider_raw/AIDER/normal/normal_image0497.jpg,0e304bf322b0ac7ab677b318ad349777
no_flood,aider_raw/AIDER/normal/normal_image0501.jpg,c896cc5c952036990c2768f9805d3d16
no_flood,aider_raw/AIDER/normal/normal_image0502.jpg,01a3bb2a315602384c2135cace3bf216
no_flood,aider_raw/AIDER/normal/normal_image0507.jpg,060265aa607f501d0d50c95771d54d6f
no_flood,aider_raw/AIDER/normal/normal_image0508.jpg,5304ebe40134f4e473232abac41c45fe
no_flood,aider_raw/AIDER/normal/normal_image0511.jpg,39ee9bc68b67ade279b321c9ed677337
no_flood,aider_raw/AIDER/normal/normal_image0514.jpg,c014d2f34cf555d9d817b38a12755ff9
no_flood,aider_raw/AIDER/normal/normal_image0517.jpg,ee1ad591e7948dde7cfcba97d5de44e6
no_flood,aider_raw/AIDER/normal/normal_image0520.jpg,cd99de4e8d1cff921ebe30dfd7155aa1
no_flood,aider_raw/AIDER/normal/normal_image0524.jpg,7c5de630c0fa71463c1630c1a779d162
no_flood,aider_raw/AIDER/normal/normal_image0525.jpg,8724c59d9a64deed6877c212313f8f25
no_flood,aider_raw/AIDER/normal/normal_image0528.jpg,fbc7f35c1fb9b3e4b18bbfeeb0fb9fe2
no_flood,aider_raw/AIDER/normal/normal_image0531.jpg,8854de00ee8af70babc858458e1741bd
no_flood,aider_raw/AIDER/normal/normal_image0533.jpg,abd4ffd25354e83d95954ee857100dd6
no_flood,aider_raw/AIDER/normal/normal_image0535.jpg,f1b3ac7fb41f8fb80fa20ba8a93f94eb
no_flood,aider_raw/AIDER/normal/normal_image0537.jpg,8fe6c6768533e597c65426917aec33c8
no_flood,aider_raw/AIDER/normal/normal_image0538.jpg,cc5bdf41e41a2056e9f0079efc399b93
no_flood,aider_raw/AIDER/normal/normal_image0540.jpg,e1e383e0966721fbffe627857d8a6c23
no_flood,aider_raw/AIDER/normal/normal_image0541.jpg,a1ab564e6bfcad51c044c82e39a2d31c
no_flood,aider_raw/AIDER/normal/normal_image0545.jpg,c2064563dd8ed3697c15896ae00b11f1
no_flood,aider_raw/AIDER/normal/normal_image0552.jpg,f8614273c5d38ee0239cae8ab5f19a39
no_flood,aider_raw/AIDER/normal/normal_image0553.jpg,3957d1d84e9e5a89431c873b3eb59472
no_flood,aider_raw/AIDER/normal/normal_image0561.jpg,c492156ed80c942178d1a39e73d5af25
no_flood,aider_raw/AIDER/normal/normal_image0562.jpg,748f07ea66b0ddac29b16e48b4a2e175
no_flood,aider_raw/AIDER/normal/normal_image0563.jpg,4417cc8b41c3b84567c4f6e8da275368
no_flood,aider_raw/AIDER/normal/normal_image0566.jpg,1d282071dfa81e39f5e661652a7649be
no_flood,aider_raw/AIDER/normal/normal_image0569.jpg,4a754ed04de62daaccb1c00d35bc4b3a
no_flood,aider_raw/AIDER/normal/normal_image0571.jpg,dd323d444139ca0ea48f54ca55c9d792
no_flood,aider_raw/AIDER/normal/normal_image0572.jpg,f7e7976eb8330da6da0efca023fb95af
no_flood,aider_raw/AIDER/normal/normal_image0573.jpg,e8b66501af2714df563fde04b394fa60
no_flood,aider_raw/AIDER/normal/normal_image0576.jpg,0e5cdbb7a3129e7e31e7216510fe5973
no_flood,aider_raw/AIDER/normal/normal_image0577.jpg,1f5daa9a776dd1c314e14e5350effe17
no_flood,aider_raw/AIDER/normal/normal_image0582.jpg,da3875970f841a03050c4a4c273e379f
no_flood,aider_raw/AIDER/normal/normal_image0583.jpg,953f4763a62d846465221ff275202473
no_flood,aider_raw/AIDER/normal/normal_image0588.jpg,d5b72e103a577d959ffdbba567204c7e
no_flood,aider_raw/AIDER/normal/normal_image0589.jpg,fbcdbb1912d552b96e46a9e336d51764
no_flood,aider_raw/AIDER/normal/normal_image0590.jpg,2933c20ddc2139f0079d2a3e66dbd1fd
no_flood,aider_raw/AIDER/normal/normal_image0601.jpg,28e6f1cd8a955c69912fd837aa91ff0f
no_flood,aider_raw/AIDER/normal/normal_image0604.jpg,18214870287aeb4876da856e8992aaa8
no_flood,aider_raw/AIDER/normal/normal_image0609.jpg,2234b29f58690c5d87deb395a8b35ff1
no_flood,aider_raw/AIDER/normal/normal_image0611.jpg,11c6f930cabf529f89a5991ef4aed90a
no_flood,aider_raw/AIDER/normal/normal_image0616.jpg,5d86ae6e00069a8edc3978061da215d6
no_flood,aider_raw/AIDER/normal/normal_image0618.jpg,0104a0c0edb407723e76a15edd2886f1
no_flood,aider_raw/AIDER/normal/normal_image0627.jpg,ba512afb7e2f58b1da73d2b1ab617510
no_flood,aider_raw/AIDER/normal/normal_image0634.jpg,cacb0341f9e74853a7827fcc6fea9311
no_flood,aider_raw/AIDER/normal/normal_image0636.jpg,f90902de19d371020946c3ad885a0b74
no_flood,aider_raw/AIDER/normal/normal_image0642.jpg,cc7e8e5c3fdf323270033a492af52cc4
no_flood,aider_raw/AIDER/normal/normal_image0646.jpg,2bd1a7a5cc34825a79dda5157aaf9a54
no_flood,aider_raw/AIDER/normal/normal_image0647.jpg,c0b7b2788abfd77c8aa7d720bbee64eb
no_flood,aider_raw/AIDER/normal/normal_image0648.jpg,b6b1c107f6c8ea5687fa5729a784afbf
no_flood,aider_raw/AIDER/normal/normal_image0650.jpg,b591512c93d68c8cd36206367e0633dd
no_flood,aider_raw/AIDER/normal/normal_image0659.jpg,42711784050effca8937961eee7c1ffa
no_flood,aider_raw/AIDER/normal/normal_image0661.jpg,a9e975415e83ade72aa2bb9d96dfc24c
no_flood,aider_raw/AIDER/normal/normal_image0663.jpg,9c08f7aa3b5351c69c4161f7449a2e3c
no_flood,aider_raw/AIDER/normal/normal_image0664.jpg,3109dd2fbece698e0b398925b35e198d
no_flood,aider_raw/AIDER/normal/normal_image0669.jpg,ef9b5c39efcfcc520daba34f48d26539
no_flood,aider_raw/AIDER/normal/normal_image0672.jpg,a5c5fe7e5336f0de9ec6ce0ec682ed5b
no_flood,aider_raw/AIDER/normal/normal_image0680.jpg,8afe73655a0515939a3b5f8b8384f1c5
no_flood,aider_raw/AIDER/normal/normal_image0682.jpg,ca8af4243b1b82074f7dd20c7f04f5f0
no_flood,aider_raw/AIDER/normal/normal_image0686.jpg,cceb889e9fad444d2423143f8eb0222a
no_flood,aider_raw/AIDER/normal/normal_image0689.jpg,c2136d6e3be978895526c88a0addc3a3
no_flood,aider_raw/AIDER/normal/normal_image0690.jpg,c5eafc83986f572d57f861d25f8c20a3
no_flood,aider_raw/AIDER/normal/normal_image0694.jpg,2ba1d0d5e117bceb8fda5fa59de27082
no_flood,aider_raw/AIDER/normal/normal_image0696.jpg,84a24658053e565e9687460fb885f9e1
no_flood,aider_raw/AIDER/normal/normal_image0701.jpg,f3e4c397638c77438e4dd08db2da3138
no_flood,aider_raw/AIDER/normal/normal_image0705.jpg,44334cf976bb3480b208b2d38c477e48
no_flood,aider_raw/AIDER/normal/normal_image0718.jpg,6006b69eff63dd5d24d3c4893f45d3bc
no_flood,aider_raw/AIDER/normal/normal_image0719.jpg,7575c22173725c11ec542d4dd2b4c365
no_flood,aider_raw/AIDER/normal/normal_image0728.jpg,a3f1b01c8a67971ec8557e3bac5c8f88
no_flood,aider_raw/AIDER/normal/normal_image0734.jpg,af4c1241eb9e43e7241ac89c9b2d19a8
no_flood,aider_raw/AIDER/normal/normal_image0738.jpg,988174f4e71562af5c0ee3071941d408
no_flood,aider_raw/AIDER/normal/normal_image0743.jpg,9cfbedc9df592365a6f897f4d6bcbe22
no_flood,aider_raw/AIDER/normal/normal_image0748.jpg,78d41d179c46ecb375ad738f50cdd105
no_flood,aider_raw/AIDER/normal/normal_image0754.jpg,5285a112a672ba98c1c00ffd31ef734c
no_flood,aider_raw/AIDER/normal/normal_image0755.jpg,cbc05590d714eefc60933168fa55a17d
no_flood,aider_raw/AIDER/normal/normal_image0762.jpg,b2e9b2bc5309e1718190c48159bae1da
no_flood,aider_raw/AIDER/normal/normal_image0767.jpg,abfa9f264208971951c1f26f2c85479b
no_flood,aider_raw/AIDER/normal/normal_image0772.jpg,5980435b3c1b7ed3f31c05f6ce71b795
no_flood,aider_raw/AIDER/normal/normal_image0782.jpg,4b8a290369bc1f228a91ee69876a3ffc
no_flood,aider_raw/AIDER/normal/normal_image0793.jpg,1be1d878a1e29edc7539f3799f7a8a02
no_flood,aider_raw/AIDER/normal/normal_image0818.jpg,f9be02ed9f32b16abac14345e48cdecf
no_flood,aider_raw/AIDER/normal/normal_image0821.jpg,18cbe106b7b7aa9d820b1a88bd4e8296
no_flood,aider_raw/AIDER/normal/normal_image0828.jpg,3e1495dbd6b3de9774199749a9b9d83c
no_flood,aider_raw/AIDER/normal/normal_image0834.jpg,b1559441b1a1d6b32b331d6ff754ec13
no_flood,aider_raw/AIDER/normal/normal_image0839.jpg,d3d15e7c941459f975317829930683ec
no_flood,aider_raw/AIDER/normal/normal_image0847.jpg,122109bd4b6f6a4d25101c04138017c0
no_flood,aider_raw/AIDER/normal/normal_image0850.jpg,32a2b4eb00a5c38733f121f0982c8706
no_flood,aider_raw/AIDER/normal/normal_image0853.jpg,bc409e3ba078484ad9139453f428ffd6
no_flood,aider_raw/AIDER/normal/normal_image0858.jpg,e72af07e4d67e3d4b97cd8a9de0a95d7
no_flood,aider_raw/AIDER/normal/normal_image0860.jpg,1c07feac80013f4772f24061386a61b4
no_flood,aider_raw/AIDER/normal/normal_image0864.jpg,181ea646b56a506983cbb56492ff4759
no_flood,aider_raw/AIDER/normal/normal_image0868.jpg,c36726d36f0a0ef742543c2481257fa0
no_flood,aider_raw/AIDER/normal/normal_image0872.jpg,99d468ecb05f92d5f6109e72d7f29da1
no_flood,aider_raw/AIDER/normal/normal_image0895.jpg,f5926be5219e5c4818c16337d882d9f8
no_flood,aider_raw/AIDER/normal/normal_image0896.jpg,3145b5f9a5bfd38bc637229e6a6c14b5
no_flood,aider_raw/AIDER/normal/normal_image0897.jpg,44b9fd9fba94a9bc02a6ed8befa5529e
no_flood,aider_raw/AIDER/normal/normal_image0907.jpg,74c0aaf84c1f719616d77803bf649aeb
no_flood,aider_raw/AIDER/normal/normal_image0922.jpg,9e04b3066638567fe389c81c498fc77c
no_flood,aider_raw/AIDER/normal/normal_image0934.jpg,06f2988c58e4e125affeec28c01a4943
no_flood,aider_raw/AIDER/normal/normal_image0935.jpg,1497ec1481f0c962960bcfe3e54f7112
no_flood,aider_raw/AIDER/normal/normal_image0936.jpg,1def6477edd1cd0ec21b2a1e5a51a180
no_flood,aider_raw/AIDER/normal/normal_image0940.jpg,f26f5c783614f8888325fbe089099992
no_flood,aider_raw/AIDER/normal/normal_image0942.jpg,f13f1cdce9e5b3d133177c450e4af9d5
no_flood,aider_raw/AIDER/normal/normal_image0943.jpg,101441d6944aa9ff23f25ee035f494da
no_flood,aider_raw/AIDER/normal/normal_image0948.jpg,c63c3438f37c36e72d8e6a0793e29683
no_flood,aider_raw/AIDER/normal/normal_image0949.jpg,59b1df7f737334690237855d9af74ff3
no_flood,aider_raw/AIDER/normal/normal_image0951.jpg,fd84a670e4a55d75803841aa99a43647
no_flood,aider_raw/AIDER/normal/normal_image0952.jpg,dae99ac1f6d1418d668900daf3dbdbf0
no_flood,aider_raw/AIDER/normal/normal_image0954.jpg,dca6d052018be1795e2f5818f7d9b212
no_flood,aider_raw/AIDER/normal/normal_image0961.jpg,ee5838795ddb478aafb0c0e375d15b62
no_flood,aider_raw/AIDER/normal/normal_image0963.jpg,8db1bcb80fb8028de33aa0f08ae49b7f
no_flood,aider_raw/AIDER/normal/normal_image0967.jpg,4479baf900d46952c50ba3172f4764bc
no_flood,aider_raw/AIDER/normal/normal_image0968.jpg,0be56dfbcbe1612b8a33ad5af32542da
no_flood,aider_raw/AIDER/normal/normal_image0974.jpg,d024f845be0431d151d3cb131f4e67b0
no_flood,aider_raw/AIDER/normal/normal_image0976.jpg,3240eb2333825ef657a2fe104f7bc261
no_flood,aider_raw/AIDER/normal/normal_image0984.jpg,fa6f0eb852132398ba8590ec209c0ceb
no_flood,aider_raw/AIDER/normal/normal_image0985.jpg,9584c09430fb76ce3d58338d16adc775
no_flood,aider_raw/AIDER/normal/normal_image0987.jpg,66cdd909af7b6982696b1d05043e141a
no_flood,aider_raw/AIDER/normal/normal_image0988.jpg,85634ae5be8116d8284b649ca4c9ab60
no_flood,aider_raw/AIDER/normal/normal_image0995.jpg,7811274242f6904ba9d34989b283ee95
no_flood,aider_raw/AIDER/normal/normal_image0998.jpg,92d6d443e202d7adacfebedbb64a7d5f
no_flood,aider_raw/AIDER/normal/normal_image1006.jpg,34d33c6f5d5234ec788c4fd68d3c8c74
no_flood,aider_raw/AIDER/normal/normal_image1014.jpg,0aed10fabc74f7b0fd487bd894255ad1
no_flood,aider_raw/AIDER/normal/normal_image1018.jpg,81338b56df13683c692c778580c12966
no_flood,aider_raw/AIDER/normal/normal_image1033.jpg,535d659c828cfbd23115890f8b9c785b
no_flood,aider_raw/AIDER/normal/normal_image1036.jpg,6ffee588ab54dc304fa0ef4242e9a285
no_flood,aider_raw/AIDER/normal/normal_image1037.jpg,f98c33943869ea3464a61abfa2461063
no_flood,aider_raw/AIDER/normal/normal_image1043.jpg,30f36fec24fb092eabc48415ec7e089a
no_flood,aider_raw/AIDER/normal/normal_image1046.jpg,b4e07deecc5ee296ae496a959ed9af0d
no_flood,aider_raw/AIDER/normal/normal_image1047.jpg,f92c09f5ecf70d9642eab72dbf78d13c
no_flood,aider_raw/AIDER/normal/normal_image1048.jpg,f2cb7ff76e82a720f28ff1e4974f5626
no_flood,aider_raw/AIDER/normal/normal_image1064.jpg,dc85954fcc2dfbab71658764dac9ef26
no_flood,aider_raw/AIDER/normal/normal_image1069.jpg,f7441f888ec4bd1b2cc0613008751893
no_flood,aider_raw/AIDER/normal/normal_image1071.jpg,6cfa46b23702a6ed8e907c0a9534d6a3
no_flood,aider_raw/AIDER/normal/normal_image1073.jpg,1226fe7c3b0f5d62922f98a9dcfd8ddc
no_flood,aider_raw/AIDER/normal/normal_image1078.jpg,04a86d25b321c165dee5efa93480f308
no_flood,aider_raw/AIDER/normal/normal_image1079.jpg,9d027745522fc40c6a237cebf493f8ff
no_flood,aider_raw/AIDER/normal/normal_image1080.jpg,3e766f7ca9752df1a27e9d6dc9378830
no_flood,aider_raw/AIDER/normal/normal_image1082.jpg,cb93798c7fd15d232b5d7bd9c9ca1cca
no_flood,aider_raw/AIDER/normal/normal_image1086.jpg,079aca74b5cca35857d50366518f4eea
no_flood,aider_raw/AIDER/normal/normal_image1088.jpg,d7ea2ce4961ed897a3d6e0b93b52da57
no_flood,aider_raw/AIDER/normal/normal_image1097.jpg,bf9292ead1afca8c584b1bcfea241292
no_flood,aider_raw/AIDER/normal/normal_image1105.jpg,a03f3eafc9b09429cde3e9081187fefe
no_flood,aider_raw/AIDER/normal/normal_image1108.jpg,ec8dcda3bf957635bdbcace26ddd75d4
no_flood,aider_raw/AIDER/normal/normal_image1119.jpg,f0892aae0eb5c1b94e0151a7232364c3
no_flood,aider_raw/AIDER/normal/normal_image1121.jpg,19789db356f32e87359a661b688c7967
no_flood,aider_raw/AIDER/normal/normal_image1123.jpg,58dbb13f33803dd3e17168e93f94596f
no_flood,aider_raw/AIDER/normal/normal_image1124.jpg,c4ba23e6b16e34a0fd866a05896268ca
no_flood,aider_raw/AIDER/normal/normal_image1125.jpg,f42b30d00425e34ffc92ed9e3ce57cbe
no_flood,aider_raw/AIDER/normal/normal_image1127.jpg,9d724226b1eab1728d5a10db1290ff51
no_flood,aider_raw/AIDER/normal/normal_image1131.jpg,30b9e940b8f45e5897a040bd0cba5a54
no_flood,aider_raw/AIDER/normal/normal_image1133.jpg,7092f5bf8b084e59d32f2976a6b1de6f
no_flood,aider_raw/AIDER/normal/normal_image1138.jpg,e1fd695215b8f17a1659c4dda3e0eea7
no_flood,aider_raw/AIDER/normal/normal_image1141.jpg,b47b996e7f12fef07482130af1ce1e5c
no_flood,aider_raw/AIDER/normal/normal_image1154.jpg,41ec7caa9fe02a629fd2d74bdee79e1d
no_flood,aider_raw/AIDER/normal/normal_image1157.jpg,9fd3f32b68117d4bf158a519d6a9878e
no_flood,aider_raw/AIDER/normal/normal_image1169.jpg,2b12b7a8f0da87f52e93215a313c8d8d
no_flood,aider_raw/AIDER/normal/normal_image1178.jpg,126982ce5f23587baf4ba35a258f978b
no_flood,aider_raw/AIDER/normal/normal_image1183.jpg,10f20809a4d7e8883d27341ec7463866
no_flood,aider_raw/AIDER/normal/normal_image1187.jpg,41106e272c44a2d8eca79d921a11427d
no_flood,aider_raw/AIDER/normal/normal_image1191.jpg,817b888d4eda560eb01c08a89098e13f
no_flood,aider_raw/AIDER/normal/normal_image1194.jpg,3c5543b14f8431b41ebaf52d8880ad79
no_flood,aider_raw/AIDER/normal/normal_image1195.jpg,598d0108c895c14ff1e7aa845be44797
no_flood,aider_raw/AIDER/normal/normal_image1209.jpg,e7f0a2c100d6269ab5ebf7b9a7690852
no_flood,aider_raw/AIDER/normal/normal_image1214.jpg,24d347c70da20a60ffdd0c7d02bc1523
no_flood,aider_raw/AIDER/normal/normal_image1219.jpg,621438de556d7dbc51299e8b567cac41
no_flood,aider_raw/AIDER/normal/normal_image1221.jpg,3aa3ee9269cd7b5e0b4834805d384e56
no_flood,aider_raw/AIDER/normal/normal_image1224.jpg,cfd8ed03957cc62b9a964131d3a640a0
no_flood,aider_raw/AIDER/normal/normal_image1226.jpg,f852f91dc82cb828f8761a7bce651529
no_flood,aider_raw/AIDER/normal/normal_image1228.jpg,2933dbd606465ec92f2a95fe796bfe92
no_flood,aider_raw/AIDER/normal/normal_image1229.jpg,7f7b41e230ef841a19199d2a6b3ce424
no_flood,aider_raw/AIDER/normal/normal_image1236.jpg,a75a9e200505f88896c69a6ddc1eb627
no_flood,aider_raw/AIDER/normal/normal_image1240.jpg,fc721cd8ae6f70857ab0fc28d45dcba7
no_flood,aider_raw/AIDER/normal/normal_image1263.jpg,b61c14b19ef9bda8e8ff979e4a0dae07
no_flood,aider_raw/AIDER/normal/normal_image1272.jpg,693a476ad5f7f6b5a8f09d9968a6e7ce
no_flood,aider_raw/AIDER/normal/normal_image1276.jpg,bcbd3cfa3245590ef6f8b7ed9b6656cb
no_flood,aider_raw/AIDER/normal/normal_image1282.jpg,1bf5633adacdc694c6ade01afe5947ba
no_flood,aider_raw/AIDER/normal/normal_image1283.jpg,bccb4fce88d8825058c2a21c6fdd5aed
no_flood,aider_raw/AIDER/normal/normal_image1284.jpg,04c63688cc9e2d2f5af412a36842b26d
no_flood,aider_raw/AIDER/normal/normal_image1287.jpg,c9bc25c61c79ab3f25dc5f3bc785412a
no_flood,aider_raw/AIDER/normal/normal_image1291.jpg,13676a52e2a2a8cca3ca0aa771bf4dbd
no_flood,aider_raw/AIDER/normal/normal_image1297.jpg,b7a97533923697ab7141b69140d5d265
no_flood,aider_raw/AIDER/normal/normal_image1298.jpg,82e209f047ecdf0e4976240e9a33397b
no_flood,aider_raw/AIDER/normal/normal_image1308.jpg,bf70a9deb7e94d062322e8b4ffcab3be
no_flood,aider_raw/AIDER/normal/normal_image1319.jpg,067964aeb4986a1b0896355172e42df0
no_flood,aider_raw/AIDER/normal/normal_image1322.jpg,348fcc83142ed983ae81b92382676375
no_flood,aider_raw/AIDER/normal/normal_image1326.jpg,8197a6d8c468642fd0a242d00fd27ced
no_flood,aider_raw/AIDER/normal/normal_image1329.jpg,98696e28fc058c3602e0c82ae50471be
no_flood,aider_raw/AIDER/normal/normal_image1338.jpg,3d0b8d5caeddd8fd9b2197ca6b7abc72
no_flood,aider_raw/AIDER/normal/normal_image1341.jpg,81640572b5af9f528f30f10bf19ecf63
no_flood,aider_raw/AIDER/normal/normal_image1342.jpg,f6243cbaaff0e04add38bd95d88ead1e
no_flood,aider_raw/AIDER/normal/normal_image1343.jpg,a222272c6e0bd122ab50d7f4fe5ab4ea
no_flood,aider_raw/AIDER/normal/normal_image1352.jpg,4877187a4f1df1532a65053f5ff824ab
no_flood,aider_raw/AIDER/normal/normal_image1359.jpg,1109224990efab9d3fb87521195687a9
no_flood,aider_raw/AIDER/normal/normal_image1360.jpg,9919ffb0ffe08da23812e9a7a06a336f
no_flood,aider_raw/AIDER/normal/normal_image1363.jpg,a503db494af397088d9ca255474d4e16
no_flood,aider_raw/AIDER/normal/normal_image1370.jpg,02ed1799de1484e13d673195ea2f62f1
no_flood,aider_raw/AIDER/normal/normal_image1373.jpg,aebccbc92f7c15602ba649a4e44f5459
no_flood,aider_raw/AIDER/normal/normal_image1394.jpg,328ba0edeee46269965bed8637e42b33
no_flood,aider_raw/AIDER/normal/normal_image1398.jpg,bfc632a9d521e8e844ded892b143393c
no_flood,aider_raw/AIDER/normal/normal_image1401.jpg,b814f359ffb38a13aff7e5d524fdb53a
no_flood,aider_raw/AIDER/normal/normal_image1413.jpg,358b4c3e03a9844d97a7bb2bfefe994e
no_flood,aider_raw/AIDER/normal/normal_image1417.jpg,e283bd515af69463be56cee9730a0ead
no_flood,aider_raw/AIDER/normal/normal_image1422.jpg,c1d95707e9ae22f66465c871ee651172
no_flood,aider_raw/AIDER/normal/normal_image1425.jpg,039ceaf273bea06dcb7887881f7516ac
no_flood,aider_raw/AIDER/normal/normal_image1428.jpg,ac2cdccd635a3e68a0508dcb6388fb5e
no_flood,aider_raw/AIDER/normal/normal_image1436.jpg,47e38053ea1cd3769bb5eb4e924b6d2f
no_flood,aider_raw/AIDER/normal/normal_image1439.jpg,e735c7b8ffce4e130bcce9be917925d0
no_flood,aider_raw/AIDER/normal/normal_image1445.jpg,ec8967e6b59eec6f8b5cf44fa8b2ceb1
no_flood,aider_raw/AIDER/normal/normal_image1465.jpg,6c2877f083e8bfc4bc274c1410350da3
no_flood,aider_raw/AIDER/normal/normal_image1471.jpg,6d111626756fb9d0cefc9b02321cd37b
no_flood,aider_raw/AIDER/normal/normal_image1472.jpg,ca596ed52469e7bbdc8ddd660be0b794
no_flood,aider_raw/AIDER/normal/normal_image1481.jpg,803bad161e571c520cc8d28da289b083
no_flood,aider_raw/AIDER/normal/normal_image1488.jpg,e6ab8cc976656d1c2b3336d877945bc5
no_flood,aider_raw/AIDER/normal/normal_image1492.jpg,b569d3e620a89fa39db71b34e22f1029
no_flood,aider_raw/AIDER/normal/normal_image1508.jpg,27c125c8abb7fb968b99770ec2201cb9
no_flood,aider_raw/AIDER/normal/normal_image1510.jpg,5f1e5a089e797a68b5acecf14019dad2
no_flood,aider_raw/AIDER/normal/normal_image1511.jpg,0f6cc34957d7574e5804f324eeb11b28
no_flood,aider_raw/AIDER/normal/normal_image1512.jpg,0066c229d5970c774e9e6a7eb7cb9716
no_flood,aider_raw/AIDER/normal/normal_image1516.jpg,363cd1d1240f0cf581afb3f22b362f89
no_flood,aider_raw/AIDER/normal/normal_image1535.jpg,d46eab6ac6198807f0f906cb4eb7f04e
no_flood,aider_raw/AIDER/normal/normal_image1536.jpg,2774c66dceabaa4d7b41ebe14bfdf463
no_flood,aider_raw/AIDER/normal/normal_image1538.jpg,8c6701c1bddcacf886adec71e70accc5
no_flood,aider_raw/AIDER/normal/normal_image1539.jpg,6fbb0f1b0107bd91bfbd85892def566e
no_flood,aider_raw/AIDER/normal/normal_image1541.jpg,bd04992722343c5fc12d4c3016f2a320
no_flood,aider_raw/AIDER/normal/normal_image1542.jpg,7b3983275adfeb0092fff3f2f9e0ea7a
no_flood,aider_raw/AIDER/normal/normal_image1551.jpg,d0eff822461ea305dd4b7c14ae5234f0
no_flood,aider_raw/AIDER/normal/normal_image1552.jpg,5c895f83b4bda958751f8d0c8c4f0d92
no_flood,aider_raw/AIDER/normal/normal_image1554.jpg,9a3a54fb38d3cc84e0e1b356b142968b
no_flood,aider_raw/AIDER/normal/normal_image1557.jpg,8a61ef110e30888b795b9eddbab2de8f
no_flood,aider_raw/AIDER/normal/normal_image1559.jpg,60046cdd900a2f9d0aa4497b97a79169
no_flood,aider_raw/AIDER/normal/normal_image1560.jpg,cabbd89a650de7f2fb5ccf416b8224f1
no_flood,aider_raw/AIDER/normal/normal_image1561.jpg,19b9ce93a382d1bb342f0d99b8b3d937
no_flood,aider_raw/AIDER/normal/normal_image1563.jpg,e1f0bcad70df0744d2821278447c0cfe
no_flood,aider_raw/AIDER/normal/normal_image1564.jpg,74d8627243a6233dd3bef48f92520ef3
no_flood,aider_raw/AIDER/normal/normal_image1570.jpg,1f543b5a312bcc3e169a29215ab1a483
no_flood,aider_raw/AIDER/normal/normal_image1571.jpg,1aa0a67155ec506026fb86a752bec080
no_flood,aider_raw/AIDER/normal/normal_image1573.jpg,771eeb01446b02059e9d8d623edbe2c5
no_flood,aider_raw/AIDER/normal/normal_image1581.jpg,8ca8059ed02fbfb77267b7f46b1ea11b
no_flood,aider_raw/AIDER/normal/normal_image1590.jpg,195db1d9fa39b21a9f92af810832b789
no_flood,aider_raw/AIDER/normal/normal_image1599.jpg,23d8cce4519bde37637898d6bfff94ba
no_flood,aider_raw/AIDER/normal/normal_image1615.jpg,aaa051729228854b1120a54af39e6856
no_flood,aider_raw/AIDER/normal/normal_image1616.jpg,46dec9f23fa10ebb814542645adef8e8
no_flood,aider_raw/AIDER/normal/normal_image1619.jpg,4d25e88c7e4e47e1328fa12ce3c44aec
no_flood,aider_raw/AIDER/normal/normal_image1622.jpg,d554fb296adcd81a35734beddd480f7f
no_flood,aider_raw/AIDER/normal/normal_image1623.jpg,4e09ee731fea0b39ee65b72cc68cd07c
no_flood,aider_raw/AIDER/normal/normal_image1625.jpg,d28086c4dd1ba399aba4d5dfdf36ea65
no_flood,aider_raw/AIDER/normal/normal_image1629.jpg,1b1e61759b42b3a3d3e264b841ef90ee
no_flood,aider_raw/AIDER/normal/normal_image1630.jpg,bddb23761188635cc52134855cf8e989
no_flood,aider_raw/AIDER/normal/normal_image1632.jpg,b374d179752b2d1f4f90aee54d5e72bb
no_flood,aider_raw/AIDER/normal/normal_image1634.jpg,2c9d99d11bd81499ea2a48a44f17b110
no_flood,aider_raw/AIDER/normal/normal_image1638.jpg,ab6bc381654e5b676260ad7aa64645e3
no_flood,aider_raw/AIDER/normal/normal_image1639.jpg,6ff065e1aee4f0e64c8a8beb0455c847
no_flood,aider_raw/AIDER/normal/normal_image1640.jpg,11162e0bdf223e19aea012331d5eb68f
no_flood,aider_raw/AIDER/normal/normal_image1642.jpg,33a53a8ab9011883e32e4e85befb21ac
no_flood,aider_raw/AIDER/normal/normal_image1650.jpg,567d54e10ca7bf3e93dadbd1e171fb4b
no_flood,aider_raw/AIDER/normal/normal_image1653.jpg,059b40b754631c62cbfcdd6f65e29a15
no_flood,aider_raw/AIDER/normal/normal_image1654.jpg,316973c29b701fad2ca8a82975ddd568
no_flood,aider_raw/AIDER/normal/normal_image1661.jpg,ddf6d5e8d5d19cf840eb1b7c71908daa
no_flood,aider_raw/AIDER/normal/normal_image1662.jpg,1603f11a6e5eb5d61762e2c18597575f
no_flood,aider_raw/AIDER/normal/normal_image1663.jpg,e41bdb86ae404532ab6d61d7007ef9b2
no_flood,aider_raw/AIDER/normal/normal_image1664.jpg,a1f14410138e019579e5e71b526ec583
no_flood,aider_raw/AIDER/normal/normal_image1669.jpg,0f70515303293322b1f9d81e7abba910
no_flood,aider_raw/AIDER/normal/normal_image1670.jpg,20cf0ed490e3269457300f2e3143e128
no_flood,aider_raw/AIDER/normal/normal_image1672.jpg,e223feb12ad6d6ffa988128b0517ea5a
no_flood,aider_raw/AIDER/normal/normal_image1674.jpg,801fa58732e6f9e1ab2725a0a762ceae
no_flood,aider_raw/AIDER/normal/normal_image1680.jpg,63ddcd4087fe800465ffdf80b5450997
no_flood,aider_raw/AIDER/normal/normal_image1681.jpg,bd71e9190e6e1d34908ed52ca10859d6
no_flood,aider_raw/AIDER/normal/normal_image1685.jpg,e2271d6d6c6d4f8648d486032ed32798
no_flood,aider_raw/AIDER/normal/normal_image1691.jpg,0813f0374fe54dca711ba19980a8aaee
no_flood,aider_raw/AIDER/normal/normal_image1693.jpg,cced3df2443c1e0ec8a00de8402134b1
no_flood,aider_raw/AIDER/normal/normal_image1699.jpg,d089dcd7bf02d69497a41423326e4a40
no_flood,aider_raw/AIDER/normal/normal_image1713.jpg,4e6e8cb474202045c667871f293325d4
no_flood,aider_raw/AIDER/normal/normal_image1715.jpg,c3d0cc5eececec3df8bb707b9d83d168
no_flood,aider_raw/AIDER/normal/normal_image1724.jpg,df4cbc8c8189ae6008c5f7a191fc9b79
no_flood,aider_raw/AIDER/normal/normal_image1728.jpg,703260c38d88cb583aad6196c6062bc3
no_flood,aider_raw/AIDER/normal/normal_image1730.jpg,24c94485a71bcfaeb029422453ac2067
no_flood,aider_raw/AIDER/normal/normal_image1750.jpg,ebfa4a217185d36066f23bcfe289e547
no_flood,aider_raw/AIDER/normal/normal_image1754.jpg,3669cf4efd27eeef0c7615bd09f42b42
no_flood,aider_raw/AIDER/normal/normal_image1756.jpg,efaace16c38b8bf5db51f619bb52e2a7
no_flood,aider_raw/AIDER/normal/normal_image1761.jpg,89c96aa742ff11877efccb9505cfb4d1
no_flood,aider_raw/AIDER/normal/normal_image1767.jpg,96e37099fac61cca52d023cff48a5943
no_flood,aider_raw/AIDER/normal/normal_image1771.jpg,08b8d519b7d3c8804af670ded874d6fe
no_flood,aider_raw/AIDER/normal/normal_image1778.jpg,a931d30f9f04a3c8cb94229c755057c5
no_flood,aider_raw/AIDER/normal/normal_image1779.jpg,fdde80a7a58721d5e3aec9a28ef726e7
no_flood,aider_raw/AIDER/normal/normal_image1780.jpg,415fa1b4fc102a2b1aae084e9a2b2b28
no_flood,aider_raw/AIDER/normal/normal_image1781.jpg,9544f73a05297df84cf31794c9278f97
no_flood,aider_raw/AIDER/normal/normal_image1786.jpg,6d72c31d1c8080b7537042aa39c0210e
no_flood,aider_raw/AIDER/normal/normal_image1788.jpg,75f57e4dcb4104d54fa5b9b98db917e2
no_flood,aider_raw/AIDER/normal/normal_image1790.jpg,c79faced8a8cd87bc90c6ae240fdfdae
no_flood,aider_raw/AIDER/normal/normal_image1794.jpg,56a843cc19214dc16ae08ce79fba174e
no_flood,aider_raw/AIDER/normal/normal_image1795.jpg,2861574a08499ccd2784c0a1b410bec9
no_flood,aider_raw/AIDER/normal/normal_image1796.jpg,ce0036c1af03b0eff876166859801661
no_flood,aider_raw/AIDER/normal/normal_image1797.jpg,bfeca7960ccc201753c9d49b45fb7d42
no_flood,aider_raw/AIDER/normal/normal_image1798.jpg,59a3f0eeac13ffe4d15af3d4d5182157
no_flood,aider_raw/AIDER/normal/normal_image1800.jpg,8c9bd0a12e599bcc381972b78178a382
no_flood,aider_raw/AIDER/normal/normal_image1806.jpg,e9bc69880ba2de2433349a3613d15170
no_flood,aider_raw/AIDER/normal/normal_image1807.jpg,2ff85558a0be6601674cb884ae518d03
no_flood,aider_raw/AIDER/normal/normal_image1809.jpg,bba43f919243d7a21ea8ec23c3dadd27
no_flood,aider_raw/AIDER/normal/normal_image1810.jpg,ca147449f26d4ae3d0fdfdc623dc4f6c
no_flood,aider_raw/AIDER/normal/normal_image1813.jpg,516d91acc027840eea6ebb5492f2f16a
no_flood,aider_raw/AIDER/normal/normal_image1818.jpg,663313fa7fa70f58d2f18cdcbb3a6b85
no_flood,aider_raw/AIDER/normal/normal_image1821.jpg,f90f6add92f1291a9451e4cf336a3bab
no_flood,aider_raw/AIDER/normal/normal_image1827.jpg,f446fb2250833682bab043cf08792a35
no_flood,aider_raw/AIDER/normal/normal_image1832.jpg,d2050ae4d2dad360d654e96c7cef98a0
no_flood,aider_raw/AIDER/normal/normal_image1835.jpg,11170a7f523da1c017ba70805cd6ce71
no_flood,aider_raw/AIDER/normal/normal_image1836.jpg,a9e84bc29d8c22c4b8b877bb120d6790
no_flood,aider_raw/AIDER/normal/normal_image1850.jpg,be4b491c75bbd1fd1092b2ddd02c84de
no_flood,aider_raw/AIDER/normal/normal_image1864.jpg,d4b95bb1d80ee58ef80b838aaadd552b
no_flood,aider_raw/AIDER/normal/normal_image1868.jpg,0785cf09b8c4965cc2ae8845674b839e
no_flood,aider_raw/AIDER/normal/normal_image1872.jpg,c02a585681db2311480de29082279fd0
no_flood,aider_raw/AIDER/normal/normal_image1873.jpg,0b9b0df2021d9ac5c6464a14b7cbe78c
no_flood,aider_raw/AIDER/normal/normal_image1875.jpg,d8d9877552fa6c01d14c25e322c6cb93
no_flood,aider_raw/AIDER/normal/normal_image1882.jpg,82053adf8446630fe348a05fb24d9c49
no_flood,aider_raw/AIDER/normal/normal_image1883.jpg,508c83630007b552e7c9e345a8f42bc3
no_flood,aider_raw/AIDER/normal/normal_image1884.jpg,50123d2d2696695e0ed736910a17854e
no_flood,aider_raw/AIDER/normal/normal_image1896.jpg,ec9fdc8dfd38a0f405c70252569d6012
no_flood,aider_raw/AIDER/normal/normal_image1904.jpg,cc8bcd2052794d7aed045446487a610f
no_flood,aider_raw/AIDER/normal/normal_image1909.jpg,39cdd00b370ab030595eaeea89e31ee4
no_flood,aider_raw/AIDER/normal/normal_image1914.jpg,df611e2faf7d8aabe6b73af9fd770468
no_flood,aider_raw/AIDER/normal/normal_image1918.jpg,b63fb429ae703e21570afda6920ef476
no_flood,aider_raw/AIDER/normal/normal_image1921.jpg,2f0f9da25c30c2f4f38b008afc35d68d
no_flood,aider_raw/AIDER/normal/normal_image1924.jpg,7606fe1441638141f3c126978d3d02ea
no_flood,aider_raw/AIDER/normal/normal_image1926.jpg,8d12cdd23105eed5a0578c0026faef85
no_flood,aider_raw/AIDER/normal/normal_image1927.jpg,2d59470ee7688cd8ffb4cd016471b188
no_flood,aider_raw/AIDER/normal/normal_image1929.jpg,35afd6e4379042d6b543b1c1179f0d8b
no_flood,aider_raw/AIDER/normal/normal_image1930.jpg,46e6f4c342a5f7515094f7c9f858daea
no_flood,aider_raw/AIDER/normal/normal_image1932.jpg,8ac94d320fa181815613d888c4c7280a
no_flood,aider_raw/AIDER/normal/normal_image1935.jpg,daef708002697dfbe9cdbe821de97a0d
no_flood,aider_raw/AIDER/normal/normal_image1936.jpg,4202386b8010362f5793d7d4ef45f6f8
no_flood,aider_raw/AIDER/normal/normal_image1937.jpg,9c15112aecfa3d53562d77a013238ece
no_flood,aider_raw/AIDER/normal/normal_image1944.jpg,69caaf66af11ebe439394352e67e1ea8
no_flood,aider_raw/AIDER/normal/normal_image1945.jpg,5ea93a420cc9562f7e2f995068b69be0
no_flood,aider_raw/AIDER/normal/normal_image1947.jpg,c4359661ba98d7efb6710d2320f2abcb
no_flood,aider_raw/AIDER/normal/normal_image1952.jpg,a6aa4488a1cf6ec8af67643ca9d69c73
no_flood,aider_raw/AIDER/normal/normal_image1954.jpg,9fe6159381498bb73d09e017ef431ea6
no_flood,aider_raw/AIDER/normal/normal_image1956.jpg,fb572f8c9df2df2d830e276d61e433fc
no_flood,aider_raw/AIDER/normal/normal_image1959.jpg,ac829765cb3069029ffe2863e6c49dd6
no_flood,aider_raw/AIDER/normal/normal_image1961.jpg,dc03583e2d53f1898b3f638290f37565
no_flood,aider_raw/AIDER/normal/normal_image1964.jpg,bb08943eeb7b0276e05058408d715d90
no_flood,aider_raw/AIDER/normal/normal_image1967.jpg,bcba12e1d465e1c2e0b2f9c3799eeee1
no_flood,aider_raw/AIDER/normal/normal_image1973.jpg,8b6d0a11d2afccd3ecae92635a4e336b
no_flood,aider_raw/AIDER/normal/normal_image1978.jpg,35c6e03a272464171c68f83d25c487aa
no_flood,aider_raw/AIDER/normal/normal_image1983.jpg,719dd687a09adf641e61c830b1cb2f59
no_flood,aider_raw/AIDER/normal/normal_image1986.jpg,b92734ae4bb5805f9eb063ccb3a63df0
no_flood,aider_raw/AIDER/normal/normal_image1988.jpg,10b69f3444d6575f5903695d1d892b9e
no_flood,aider_raw/AIDER/normal/normal_image1989.jpg,f72c87d97e26aa2bd149727689df187c
no_flood,aider_raw/AIDER/normal/normal_image1991.jpg,80dfd7b2215ad3434124dc255f4c3990
no_flood,aider_raw/AIDER/normal/normal_image1995.jpg,9b6c5505a2aeda8805e97a44007848c9
no_flood,aider_raw/AIDER/normal/normal_image1996.jpg,111c60f2233b77cab9dbdbe89a46dba2
no_flood,aider_raw/AIDER/normal/normal_image1998.jpg,125f0e342d1fa6a4ec6f4c972b50a961
no_flood,aider_raw/AIDER/normal/normal_image2005.jpg,4377329089c78f63a45f2834de123ec0
no_flood,aider_raw/AIDER/normal/normal_image2006.jpg,83089c3dee48fe9b77e59a94bdbf6b56
no_flood,aider_raw/AIDER/normal/normal_image2008.jpg,8eefaeb467f47f3563103252abde6ed6
no_flood,aider_raw/AIDER/normal/normal_image2009.jpg,e2fe3aab6c634b462019a41cba9ea747
no_flood,aider_raw/AIDER/normal/normal_image2015.jpg,72c7c28a42b84b78abc373ae7d776f87
no_flood,aider_raw/AIDER/normal/normal_image2016.jpg,b9c0ba3a9ddf594629dc36a56d7d9131
no_flood,aider_raw/AIDER/normal/normal_image2022.jpg,2435b67883d3782f67fdbb2bcd23b231
no_flood,aider_raw/AIDER/normal/normal_image2032.jpg,c5811fec6fbef516a19e2277f876df77
no_flood,aider_raw/AIDER/normal/normal_image2034.jpg,4bfd526daef720c19dc14c4dac59f270
no_flood,aider_raw/AIDER/normal/normal_image2037.jpg,f758304a651997a06473a613cf225559
no_flood,aider_raw/AIDER/normal/normal_image2038.jpg,b74f6869c7ab669aea5633f555179387
no_flood,aider_raw/AIDER/normal/normal_image2047.jpg,89a3bfec20098477ed3e3de7876478a6
no_flood,aider_raw/AIDER/normal/normal_image2050.jpg,d905a6a842080422385956e9ad56419e
no_flood,aider_raw/AIDER/normal/normal_image2061.jpg,c2d9c1aa675724ba60943a5ff34e7172
no_flood,aider_raw/AIDER/normal/normal_image2062.jpg,f7094161acfe77d5b09b7663b3010a46
no_flood,aider_raw/AIDER/normal/normal_image2069.jpg,3bd5d887b8e5a69af6bd00bc9ae20f46
no_flood,aider_raw/AIDER/normal/normal_image2072.jpg,279431b6c1dec66cff50ef24582de907
no_flood,aider_raw/AIDER/normal/normal_image2082.jpg,11b89c9d1fcd994c730a1c04cd3fec4a
no_flood,aider_raw/AIDER/normal/normal_image2083.jpg,7041634d750e46f85d0c4afd3285d1f8
no_flood,aider_raw/AIDER/normal/normal_image2088.jpg,ca294c0b0317f01150f56a91bba5422d
no_flood,aider_raw/AIDER/normal/normal_image2095.jpg,c8ecfc025c774a06b8a80a9b788b44fd
no_flood,aider_raw/AIDER/normal/normal_image2097.jpg,1ac45af92efe71f85369ac9af549606a
no_flood,aider_raw/AIDER/normal/normal_image2113.jpg,95af0c771db1948c8117bd85ce9fff04
no_flood,aider_raw/AIDER/normal/normal_image2114.jpg,c926d9fd2bed1357b3683518271c80ae
no_flood,aider_raw/AIDER/normal/normal_image2117.jpg,727173742ee861bdb245415aac4d5092
no_flood,aider_raw/AIDER/normal/normal_image2121.jpg,c170933b043511ef235b5f022f250a51
no_flood,aider_raw/AIDER/normal/normal_image2123.jpg,c7206ea2eb59cd1fde9cdfc4f148c756
no_flood,aider_raw/AIDER/normal/normal_image2132.jpg,8a01320b195acd2394fac3338a7fe332
no_flood,aider_raw/AIDER/normal/normal_image2134.jpg,131233afa02c5855c2c76d455cccc917
no_flood,aider_raw/AIDER/normal/normal_image2135.jpg,a724dd00c3400f4eb7911ab17c1a5c44
no_flood,aider_raw/AIDER/normal/normal_image2137.jpg,f4385a1c75209ac077ede987dba36733
no_flood,aider_raw/AIDER/normal/normal_image2144.jpg,5870df6b1520f6e3fc7331966ecdffce
no_flood,aider_raw/AIDER/normal/normal_image2149.jpg,943a8b9356bb1efac1407c69821a7699
no_flood,aider_raw/AIDER/normal/normal_image2150.jpg,7f6b4a10b45a7dca062ed8038957461b
no_flood,aider_raw/AIDER/normal/normal_image2154.jpg,0a932cddfbd993ad0e48b1a1c02b4512
no_flood,aider_raw/AIDER/normal/normal_image2158.jpg,a3534c0fb5fc3706b671434cff7a98be
no_flood,aider_raw/AIDER/normal/normal_image2161.jpg,7777d5ebfe3fc65719c0d668df9a991c
no_flood,aider_raw/AIDER/normal/normal_image2164.jpg,828d5d9a15ab7454206645aee63c7b14
no_flood,aider_raw/AIDER/normal/normal_image2167.jpg,de57c398407530aa0d15d42ba3593c87
no_flood,aider_raw/AIDER/normal/normal_image2168.jpg,9652bffa9760a71adbe5a639c13265bb
no_flood,aider_raw/AIDER/normal/normal_image2172.jpg,d588e239d7b3d970674aed0c37effcc0
no_flood,aider_raw/AIDER/normal/normal_image2180.jpg,c274aaa6b5aafeedbd96402beccfbd09
no_flood,aider_raw/AIDER/normal/normal_image2191.jpg,cf3a0e125fc74788ea58ba3344c8a5d3
no_flood,aider_raw/AIDER/normal/normal_image2200.jpg,34800c1e3dd7cb220f333a62e8a2f11e
no_flood,aider_raw/AIDER/normal/normal_image2204.jpg,9bf6000fb0ef48cc2459ed4ed6676cb9
no_flood,aider_raw/AIDER/normal/normal_image2205.jpg,eff0d38b52013570f5ae42b5cd678593
no_flood,aider_raw/AIDER/normal/normal_image2209.jpg,b007a10876b09cd1d7fff5b5035a237f
no_flood,aider_raw/AIDER/normal/normal_image2210.jpg,885d23445432af28ee82e114352639ff
no_flood,aider_raw/AIDER/normal/normal_image2217.jpg,fdb07ebe603aa5a1f99cd34bb163bb60
no_flood,aider_raw/AIDER/normal/normal_image2228.jpg,9f722edd9a682f028fc472d07c691dca
no_flood,aider_raw/AIDER/normal/normal_image2236.jpg,da06f2a58c3ee478942a7a94f0ba50a2
no_flood,aider_raw/AIDER/normal/normal_image2242.jpg,88eb924891294380e1a5515aebbf72c4
no_flood,aider_raw/AIDER/normal/normal_image2244.jpg,785b40b6ceec46eeddb3e4148e839f59
no_flood,aider_raw/AIDER/normal/normal_image2258.jpg,5642cb9265e7628d3eee018a9d760e4c
no_flood,aider_raw/AIDER/normal/normal_image2259.jpg,44386fe954aec4b3b4b6525891ea0822
no_flood,aider_raw/AIDER/normal/normal_image2261.jpg,05640a4a70c1a85534bdfcade0977212
no_flood,aider_raw/AIDER/normal/normal_image2262.jpg,ab5d5184fbc510f63c0cad07eae2c6d5
no_flood,aider_raw/AIDER/normal/normal_image2270.jpg,c608e9329683c6722236175176566cdd
no_flood,aider_raw/AIDER/normal/normal_image2277.jpg,57fa06f6c15267c072686658e5fcc903
no_flood,aider_raw/AIDER/normal/normal_image2279.jpg,656578e98e874afe53101d528b53a7f3
no_flood,aider_raw/AIDER/normal/normal_image2286.jpg,5554eaa11112cc680a61d719714d4518
no_flood,aider_raw/AIDER/normal/normal_image2288.jpg,ba64bad87a299fd74bffe821595bd974
no_flood,aider_raw/AIDER/normal/normal_image2291.jpg,f2bfb4c7500784fcfa293a3105067d2b
no_flood,aider_raw/AIDER/normal/normal_image2296.jpg,2ede266160fcab0e036aa0df1d0937ed
no_flood,aider_raw/AIDER/normal/normal_image2300.jpg,58749fffde53e515b6c5b77e07e1d126
no_flood,aider_raw/AIDER/normal/normal_image2301.jpg,7a7ad70b45632943f4cb3a2601c78e16
no_flood,aider_raw/AIDER/normal/normal_image2303.jpg,a27e4861c58b4adc5791ea3f801f7292
no_flood,aider_raw/AIDER/normal/normal_image2305.jpg,cb2040d169ba66faaf6c20401be549ef
no_flood,aider_raw/AIDER/normal/normal_image2306.jpg,d755ccc432d74da9dab708c80cdbf0f3
no_flood,aider_raw/AIDER/normal/normal_image2308.jpg,a4395729f6ee4ece0c48bf4ccc0e7602
no_flood,aider_raw/AIDER/normal/normal_image2312.jpg,2d48272e5fc26e55a638c1c2b90405e6
no_flood,aider_raw/AIDER/normal/normal_image2314.jpg,3613d9d44bbbb3738c32c99ec837bea4
no_flood,aider_raw/AIDER/normal/normal_image2316.jpg,145754d8657108dad5171816b756fc3d
no_flood,aider_raw/AIDER/normal/normal_image2320.jpg,090ba3003d7f27a52e122b640d81b580
no_flood,aider_raw/AIDER/normal/normal_image2324.jpg,80157438d2dc00684ce250c48f04e0c5
no_flood,aider_raw/AIDER/normal/normal_image2325.jpg,427103cfbb64d6561d0bd9402c92472f
no_flood,aider_raw/AIDER/normal/normal_image2326.jpg,eb274ce23e4e5fceaa11fcba2d029330
no_flood,aider_raw/AIDER/normal/normal_image2327.jpg,eaa1b0d9487a17faa6955691f4fe7e0f
no_flood,aider_raw/AIDER/normal/normal_image2330.jpg,053faa7febeeb2612ec5c1e9e98da554
no_flood,aider_raw/AIDER/normal/normal_image2332.jpg,11e79155192af6a7f12b7d047c2d4ef2
no_flood,aider_raw/AIDER/normal/normal_image2337.jpg,a4285d4e2e086b561373702481a6c12a
no_flood,aider_raw/AIDER/normal/normal_image2338.jpg,141485efde63d5e6bd7f4e8f738ebf3a
no_flood,aider_raw/AIDER/normal/normal_image2339.jpg,b3b3e5670e98006ed4ac0c77c1432ac8
no_flood,aider_raw/AIDER/normal/normal_image2341.jpg,c9f200c776c29fc73b9aada815afdde2
no_flood,aider_raw/AIDER/normal/normal_image2342.jpg,2b5f4e460da05aae733f2e171a9954be
no_flood,aider_raw/AIDER/normal/normal_image2352.jpg,b75d0cdb35d6a7106ddabae839743636
no_flood,aider_raw/AIDER/normal/normal_image2355.jpg,a7036fff8bad2e4e340fa1f07f59dc5f
no_flood,aider_raw/AIDER/normal/normal_image2356.jpg,e9da0ae87a9d9f2fc2f152167cdf3ac0
no_flood,aider_raw/AIDER/normal/normal_image2375.jpg,409e8f7620e66d55d22b836640d5f3ef
no_flood,aider_raw/AIDER/normal/normal_image2384.jpg,5f8aefc2f224b6c4cd9eb3bd86cea514
no_flood,aider_raw/AIDER/normal/normal_image2386.jpg,c113f3cd29e45b1e1c64ecd0ddd72f11
no_flood,aider_raw/AIDER/normal/normal_image2393.jpg,2eb6beab9d93b65558720f062853188d
no_flood,aider_raw/AIDER/normal/normal_image2405.jpg,18d9a3f2af80a7d2b5b17374c356ed64
no_flood,aider_raw/AIDER/normal/normal_image2407.jpg,df6a5586ef41701247ad20284bb49f0e
no_flood,aider_raw/AIDER/normal/normal_image2410.jpg,3236aa029488f88f9b90672d3065bb2a
no_flood,aider_raw/AIDER/normal/normal_image2413.jpg,ffcdac9e2553c1a6cc73d22fe5aac9c6
no_flood,aider_raw/AIDER/normal/normal_image2414.jpg,01de16f21b1fb17d9601b28a0e933319
no_flood,aider_raw/AIDER/normal/normal_image2415.jpg,a3ce9274a1e0fc85801aa92ccf55e5b8
no_flood,aider_raw/AIDER/normal/normal_image2422.jpg,1e63c2e283701cdcf73b97756a433f0c
no_flood,aider_raw/AIDER/normal/normal_image2423.jpg,72456aade23f48c376b6d82e4498f09d
no_flood,aider_raw/AIDER/normal/normal_image2435.jpg,e0061360d93218f794f6f90b37bc676e
no_flood,aider_raw/AIDER/normal/normal_image2438.jpg,a2f80c246f6dc160d58d15e4c81bcbb0
no_flood,aider_raw/AIDER/normal/normal_image2441.jpg,f03f267d5708d039433901fb06758113
no_flood,aider_raw/AIDER/normal/normal_image2442.jpg,7f50d3a94a7db35fc17427b083a63228
no_flood,aider_raw/AIDER/normal/normal_image2447.jpg,e9d0e9c1314a6eafed0159b65c26ab84
no_flood,aider_raw/AIDER/normal/normal_image2449.jpg,397a8807d7862628c93b0ed211b2060d
no_flood,aider_raw/AIDER/normal/normal_image2455.jpg,ed41f31b59b7d7735bb4b41e42fb9064
no_flood,aider_raw/AIDER/normal/normal_image2460.jpg,b250c52127c63639ea002cdd27d43bc1
no_flood,aider_raw/AIDER/normal/normal_image2464.jpg,0e368aeed7452402e26cbc1c480be9cf
no_flood,aider_raw/AIDER/normal/normal_image2465.jpg,8b67805062e264ec3129df5e2e658918
no_flood,aider_raw/AIDER/normal/normal_image2467.jpg,3d3e46b5dcbcff06039f41e5c796070a
no_flood,aider_raw/AIDER/normal/normal_image2470.jpg,a1934c12c3e5f4c075ffef2d538c1f83
no_flood,aider_raw/AIDER/normal/normal_image2483.jpg,3d2e37dc683b38de7f3bcec359336ff2
no_flood,aider_raw/AIDER/normal/normal_image2485.jpg,d2f30db2987ce334e11e2a05a4c6c01b
no_flood,aider_raw/AIDER/normal/normal_image2489.jpg,19a88d71d077ae25708ec26f607a9ad9
no_flood,aider_raw/AIDER/normal/normal_image2492.jpg,a2f6c21f84b8f657ccbb82e219913106
no_flood,aider_raw/AIDER/normal/normal_image2497.jpg,032496ba200e49aa0212534b3f2a35a7
no_flood,aider_raw/AIDER/normal/normal_image2509.jpg,92100123b3fa91c37ec74eeb1f525b5a
no_flood,aider_raw/AIDER/normal/normal_image2513.jpg,8324401e21cfa9afcee859c139095033
no_flood,aider_raw/AIDER/normal/normal_image2514.jpg,cd25da5bcf7e1d37dbad53aa8998cf60
no_flood,aider_raw/AIDER/normal/normal_image2517.jpg,5629d05180e97ed0a2b0776200e750ed
no_flood,aider_raw/AIDER/normal/normal_image2521.jpg,69e44ede5268e091e317b087de94aa88
no_flood,aider_raw/AIDER/normal/normal_image2525.jpg,b24ec935b4691762c5def7fa8af36e26
no_flood,aider_raw/AIDER/normal/normal_image2526.jpg,1f1e39c6ffb08360f60d04ea8d54fa92
no_flood,aider_raw/AIDER/normal/normal_image2534.jpg,89c8ded69df13f3f91966d18f0ed31ad
no_flood,aider_raw/AIDER/normal/normal_image2538.jpg,56d78dbc3ae8451f865fd065185cdb44
no_flood,aider_raw/AIDER/normal/normal_image2544.jpg,5ce2da46badd78702410c326eba59494
no_flood,aider_raw/AIDER/normal/normal_image2548.jpg,be05544197fcebfe4cbef4ca208b2962
no_flood,aider_raw/AIDER/normal/normal_image2549.jpg,00eab07f8e30d2f9bab9b559e3e757be
no_flood,aider_raw/AIDER/normal/normal_image2552.jpg,215fc4e623c771069e5cba241eb5ed72
no_flood,aider_raw/AIDER/normal/normal_image2557.jpg,384b6ae36591b11c58f4444bb3107d6c
no_flood,aider_raw/AIDER/normal/normal_image2559.jpg,d7d59df91026450c05b016b43be87998
no_flood,aider_raw/AIDER/normal/normal_image2561.jpg,de10f101769dcd59987223e926e1a7e8
no_flood,aider_raw/AIDER/normal/normal_image2564.jpg,65d1d65960bd47d7067d2f742737b07c
no_flood,aider_raw/AIDER/normal/normal_image2565.jpg,63620683166dca27205c5cb89ca61a14
no_flood,aider_raw/AIDER/normal/normal_image2571.jpg,f47a294a21c4fde2ebd496256e0919ad
no_flood,aider_raw/AIDER/normal/normal_image2573.jpg,895b6280989defe7aa3d9d81afc24b11
no_flood,aider_raw/AIDER/normal/normal_image2577.jpg,7be0a9521f6e45e12151adf670aef6ac
no_flood,aider_raw/AIDER/normal/normal_image2579.jpg,9a7944ef51d3c42e892a6cc9702c02a5
no_flood,aider_raw/AIDER/normal/normal_image2585.jpg,6b7f8dbe2fdf63b359e6b01ba8c7d8e0
no_flood,aider_raw/AIDER/normal/normal_image2610.jpg,e27061d13edfed81abdd06d2a9dec685
no_flood,aider_raw/AIDER/normal/normal_image2613.jpg,0616c0cc855aa3733e9efd2fda369da0
no_flood,aider_raw/AIDER/normal/normal_image2615.jpg,66b3a7b523fdc876d8b69ddab39498ed
no_flood,aider_raw/AIDER/normal/normal_image2617.jpg,e05ae76d281e889a472451350035a03f
no_flood,aider_raw/AIDER/normal/normal_image2622.jpg,510f94f4710ea09f6dd628d9870b9143
no_flood,aider_raw/AIDER/normal/normal_image2624.jpg,f229ab95749d9ad8ca12a3b66b252f62
no_flood,aider_raw/AIDER/normal/normal_image2627.jpg,0fe2c7f789bfa3e3842f5284ba42c4a1
no_flood,aider_raw/AIDER/normal/normal_image2632.jpg,7af8f65554532c4075228833b057f17f
no_flood,aider_raw/AIDER/normal/normal_image2635.jpg,9286944b011ab6a93e03a786a4c3d7f6
no_flood,aider_raw/AIDER/normal/normal_image2636.jpg,d49165d19a0f2007430c72fe1255fed3
no_flood,aider_raw/AIDER/normal/normal_image2645.jpg,73dafa8ef709f887fa50ecc441c5cb9f
no_flood,aider_raw/AIDER/normal/normal_image2648.jpg,0ceb79499c5b802eb83e602243496cca
no_flood,aider_raw/AIDER/normal/normal_image2653.jpg,0a2fb20c26ce6d0d335c6bf96443e229
no_flood,aider_raw/AIDER/normal/normal_image2660.jpg,7513f51308f21313f73915c7ebc9f79d
no_flood,aider_raw/AIDER/normal/normal_image2661.jpg,0349fc7b428f141bdd6bc26d3bd77046
no_flood,aider_raw/AIDER/normal/normal_image2665.jpg,80b56862fb4442b11bf78d104cb25408
no_flood,aider_raw/AIDER/normal/normal_image2676.jpg,399a9fca0a204a092b22432928381c6c
no_flood,aider_raw/AIDER/normal/normal_image2679.jpg,e43618061cf1692e455f73d83b4888ae
no_flood,aider_raw/AIDER/normal/normal_image2685.jpg,e230734799efe219efd129c818a0b20b
no_flood,aider_raw/AIDER/normal/normal_image2687.jpg,72706e46b377d5ea1fa0d56c9efcabd5
no_flood,aider_raw/AIDER/normal/normal_image2690.jpg,7fcb70a164908f23ade53f13b64eab25
no_flood,aider_raw/AIDER/normal/normal_image2692.jpg,9f0ec804f5be6122306c1ec421d902e8
no_flood,aider_raw/AIDER/normal/normal_image2693.jpg,52876e2a2a1c5fcf0f33062993acc7cc
no_flood,aider_raw/AIDER/normal/normal_image2695.jpg,f6f2beccffd48e321c5faa207234b576
no_flood,aider_raw/AIDER/normal/normal_image2697.jpg,02868432ecc09c118af5ed76b1d75471
no_flood,aider_raw/AIDER/normal/normal_image2704.jpg,4b989a1649c01eb16a16815a656d2075
no_flood,aider_raw/AIDER/normal/normal_image2708.jpg,ca9be239e3cd475e0c2ccc813f6ecdf0
no_flood,aider_raw/AIDER/normal/normal_image2709.jpg,90eadc732fa9190492b2d84e10238ae6
no_flood,aider_raw/AIDER/normal/normal_image2711.jpg,7a9bc86b23cc114e66df43fd7af8e97d
no_flood,aider_raw/AIDER/normal/normal_image2712.jpg,5471631a5535c964de4e676f6b5a87d4
no_flood,aider_raw/AIDER/normal/normal_image2718.jpg,de1bbc7be8aacb1aa0f3d69c513ddec8
no_flood,aider_raw/AIDER/normal/normal_image2724.jpg,881d2064408f1a39db025207ec635286
no_flood,aider_raw/AIDER/normal/normal_image2725.jpg,de24b3da3985607ef050e28fb94cd358
no_flood,aider_raw/AIDER/normal/normal_image2730.jpg,652c54e49db39b6052e3aad5787dd4dc
no_flood,aider_raw/AIDER/normal/normal_image2735.jpg,7d892e337d71a556bc73e0e4b45a0301
no_flood,aider_raw/AIDER/normal/normal_image2738.jpg,72d63ef0ab0feb4337e68a8130fc469d
no_flood,aider_raw/AIDER/normal/normal_image2740.jpg,316f67c6e6096b424d8073c9ec128ca5
no_flood,aider_raw/AIDER/normal/normal_image2741.jpg,3184d1947b749748c731dce73000d719
no_flood,aider_raw/AIDER/normal/normal_image2742.jpg,41a9b32d6dbc76bdecccc2255fb07203
no_flood,aider_raw/AIDER/normal/normal_image2747.jpg,9e030bd5a0f021e199dc6294fe45adde
no_flood,aider_raw/AIDER/normal/normal_image2750.jpg,4698227c4d25f5898641a5e73d8bf2af
no_flood,aider_raw/AIDER/normal/normal_image2755.jpg,95ad014970b8ac5b52fb43de79f2956c
no_flood,aider_raw/AIDER/normal/normal_image2756.jpg,95f6309a4d8df097b021990436ffb39b
no_flood,aider_raw/AIDER/normal/normal_image2758.jpg,15a6432f378255c1064d707cc949b8bd
no_flood,aider_raw/AIDER/normal/normal_image2760.jpg,415a1fe1868f7035010c4b7ec4ece859
no_flood,aider_raw/AIDER/normal/normal_image2761.jpg,00abfcf5c721f5a5f18f7f8d4b7204d8
no_flood,aider_raw/AIDER/normal/normal_image2762.jpg,323aa08caf387ab23ea09432084f2053
no_flood,aider_raw/AIDER/normal/normal_image2764.jpg,7c1d4b76c72f5b48774cd5bd37aa5f2d
no_flood,aider_raw/AIDER/normal/normal_image2765.jpg,e0bcd1527395e695a6e8b285ffee848d
no_flood,aider_raw/AIDER/normal/normal_image2772.jpg,111abfb0014a48aaca2b9b72bc6f774d
no_flood,aider_raw/AIDER/normal/normal_image2779.jpg,4a41c0992984b321cd3fb6201674d460
no_flood,aider_raw/AIDER/normal/normal_image2783.jpg,b413688dbca077077aa326455ed655e7
no_flood,aider_raw/AIDER/normal/normal_image2785.jpg,b989ac10262ba5090511542081255127
no_flood,aider_raw/AIDER/normal/normal_image2786.jpg,d458a0503a55834f2b7af063f31ac85c
no_flood,aider_raw/AIDER/normal/normal_image2789.jpg,d08412a3532fc9ce2ae80bd57b17d323
no_flood,aider_raw/AIDER/normal/normal_image2791.jpg,4e7c3577156f1786bd17cffd768f4a9c
no_flood,aider_raw/AIDER/normal/normal_image2792.jpg,0630659ccad8c8a6c6ba1d7d2c319625
no_flood,aider_raw/AIDER/normal/normal_image2794.jpg,b1c93eaa4505839b91b055ca75784c0e
no_flood,aider_raw/AIDER/normal/normal_image2799.jpg,8197970426984f24769b7a5b60fb668a
no_flood,aider_raw/AIDER/normal/normal_image2810.jpg,ba7c4776eddb9f77fff382c9558dcb91
no_flood,aider_raw/AIDER/normal/normal_image2813.jpg,1aaf7b44e02aa1b5dd1e3440d68e6ac8
no_flood,aider_raw/AIDER/normal/normal_image2819.jpg,8286e7763958424a270483c73f8533c5
no_flood,aider_raw/AIDER/normal/normal_image2820.jpg,af6e61acab01bb786341e5dfda2de0b8
no_flood,aider_raw/AIDER/normal/normal_image2822.jpg,36e67bcbe61df49a329f3bb62ade72b5
no_flood,aider_raw/AIDER/normal/normal_image2825.jpg,081573942dbf21bc8577f324b31a1e2c
no_flood,aider_raw/AIDER/normal/normal_image2830.jpg,82e580545f040eafc3b0922c0ff098d1
no_flood,aider_raw/AIDER/normal/normal_image2840.jpg,56b04c2e5a5d52c40c66171ba4f135fb
no_flood,aider_raw/AIDER/normal/normal_image2842.jpg,2720b4056d7e3be27a22a38ee077ef31
no_flood,aider_raw/AIDER/normal/normal_image2845.jpg,1073f24f3e81c49ead046650aae3f8a8
no_flood,aider_raw/AIDER/normal/normal_image2847.jpg,7fb5873a89ca18d72662dc62b6659d8f
no_flood,aider_raw/AIDER/normal/normal_image2850.jpg,7c35be6ed32c24730bcd419d31f973d3
no_flood,aider_raw/AIDER/normal/normal_image2851.jpg,baac96689a646035fd66265b8d88474e
no_flood,aider_raw/AIDER/normal/normal_image2854.jpg,4653722fe6eecb4103b72c38ad86413e
no_flood,aider_raw/AIDER/normal/normal_image2856.jpg,b4ba9edebe58720304d3896c8e416a08
no_flood,aider_raw/AIDER/normal/normal_image2859.jpg,00456f296e21b1c326de997722ab3e2c
no_flood,aider_raw/AIDER/normal/normal_image2860.jpg,44567f3ce0c42e3d2a89dfe1ab880255
no_flood,aider_raw/AIDER/normal/normal_image2864.jpg,8bda41c158ea7fc3840f9c9986d1a7e5
no_flood,aider_raw/AIDER/normal/normal_image2874.jpg,a3ac264cf51592909e5563d87d736632
no_flood,aider_raw/AIDER/normal/normal_image2878.jpg,cdf1e5ea1ac09b29fd743bf9f3872351
no_flood,aider_raw/AIDER/normal/normal_image2880.jpg,dae6c849a92b3bb0be899914be46a258
no_flood,aider_raw/AIDER/normal/normal_image2885.jpg,cc871d8e0cb456fdb598fd3ef3e16116
no_flood,aider_raw/AIDER/normal/normal_image2886.jpg,877eed9c8d5aa854846930ecf67af075
no_flood,aider_raw/AIDER/normal/normal_image2891.jpg,e0698cf11f7c8879b042455655c25838
no_flood,aider_raw/AIDER/normal/normal_image2909.jpg,f658e879a5262599ffa1f7b9104ec38b
no_flood,aider_raw/AIDER/normal/normal_image2917.jpg,bd7365c57b41fd504bbf07d8e81cb963
no_flood,aider_raw/AIDER/normal/normal_image2920.jpg,08c2dc234eb59a628f09270d50e10182
no_flood,aider_raw/AIDER/normal/normal_image2922.jpg,7db1a5e273e00d6f2338b7078572a4c3
no_flood,aider_raw/AIDER/normal/normal_image2928.jpg,349ea0a7350e76b6a9c3938c7efdfe70
no_flood,aider_raw/AIDER/normal/normal_image2931.jpg,99b75a3e6405aca8fbc55331f40685f7
no_flood,aider_raw/AIDER/normal/normal_image2932.jpg,0965a8ede32d61f67f1df06eb82a260c
no_flood,aider_raw/AIDER/normal/normal_image2942.jpg,415acb75b528483eab1e4345a487c09a
no_flood,aider_raw/AIDER/normal/normal_image2947.jpg,9df6500d93d680955dbb020f720ce714
no_flood,aider_raw/AIDER/normal/normal_image2948.jpg,68e8f96170f650bbe7f28b1300f6c7fe
no_flood,aider_raw/AIDER/normal/normal_image2951.jpg,110c554a4d18ba81cc242bf6f57cabd8
no_flood,aider_raw/AIDER/normal/normal_image2957.jpg,1482ebe8a7ec6bd0165fa0df51ac6dc8
no_flood,aider_raw/AIDER/normal/normal_image2962.jpg,650014f818ef8c34042dd77b47fae42f
no_flood,aider_raw/AIDER/normal/normal_image2963.jpg,cd2ac5d36eda27128c3c45fb308040fd
no_flood,aider_raw/AIDER/normal/normal_image2966.jpg,19cf941d737631f6ab1efbbff1f0bbe6
no_flood,aider_raw/AIDER/normal/normal_image2972.jpg,a83e61beef1fe19942cabf6884d1f376
no_flood,aider_raw/AIDER/normal/normal_image2976.jpg,be8fd723eefe8978e1e1f4ee35e7e22e
no_flood,aider_raw/AIDER/normal/normal_image2977.jpg,e366d85dc749c00999fa31df85b04c1e
no_flood,aider_raw/AIDER/normal/normal_image2982.jpg,9f4ff39b13595a13da503f94e9739488
no_flood,aider_raw/AIDER/normal/normal_image2987.jpg,a79ca7b00402ae8a01be7dae3e215e36
no_flood,aider_raw/AIDER/normal/normal_image2995.jpg,2c03e1ef5c7cc9e8eb165580d66ae113
no_flood,aider_raw/AIDER/normal/normal_image2997.jpg,9854d5a4ce092245e2e61f7d7022228f
no_flood,aider_raw/AIDER/normal/normal_image3001.jpg,81cf226ccd3055644ffd2d14f00ed9a7
no_flood,aider_raw/AIDER/normal/normal_image3005.jpg,ab7cbce1831bb2de048b171c34ab9afc
no_flood,aider_raw/AIDER/normal/normal_image3006.jpg,15bd94920c1e0b2ad8c8425bc0cbb070
no_flood,aider_raw/AIDER/normal/normal_image3012.jpg,4d0739505c5fc016f287ff20042139d9
no_flood,aider_raw/AIDER/normal/normal_image3018.jpg,cc3fa82a6c84cee247c214f120f08852
no_flood,aider_raw/AIDER/normal/normal_image3021.jpg,9122a75dffd0345cedaa71e36ee192e5
no_flood,aider_raw/AIDER/normal/normal_image3027.jpg,d8482dd2d57df0a13556220a213739c6
no_flood,aider_raw/AIDER/normal/normal_image3030.jpg,a9356e029319af3487c4aa30db8a5395
no_flood,aider_raw/AIDER/normal/normal_image3031.jpg,c10dd28adb64eadaf1307133e28aad1d
no_flood,aider_raw/AIDER/normal/normal_image3045.jpg,dfeb8b994b08a427fc524feeac0d1b14
no_flood,aider_raw/AIDER/normal/normal_image3048.jpg,9392b20d79a6aa59dca10c2ad6cb207c
no_flood,aider_raw/AIDER/normal/normal_image3049.jpg,bd75f970adf536b60449cc4ea650b6e6
no_flood,aider_raw/AIDER/normal/normal_image3052.jpg,f6873f88aebd7c3e8d7f7cc4f67578be
no_flood,aider_raw/AIDER/normal/normal_image3068.jpg,239839e071b9bdfd6910944042e8f470
no_flood,aider_raw/AIDER/normal/normal_image3070.jpg,f1179e15393258425a43d89e3605e48f
no_flood,aider_raw/AIDER/normal/normal_image3072.jpg,f66ccd04fe7bf11c8b7664aea0253206
no_flood,aider_raw/AIDER/normal/normal_image3073.jpg,2df2287523ae863d6bd560b5d6aac535
no_flood,aider_raw/AIDER/normal/normal_image3075.jpg,c9a8478123a7ba0aa0163a252d954791
no_flood,aider_raw/AIDER/normal/normal_image3076.jpg,e3eab45cb6e1a3159a1ddaccaa12b9d2
no_flood,aider_raw/AIDER/normal/normal_image3077.jpg,962847e83a402ae71c2500a223c86bed
no_flood,aider_raw/AIDER/normal/normal_image3086.jpg,66567467c47193664de0ed428ad400d1
no_flood,aider_raw/AIDER/normal/normal_image3094.jpg,0c0eb6853b794bd3d355c393c9cc89fb
no_flood,aider_raw/AIDER/normal/normal_image3096.jpg,e23e87dafd4a565c105240356d79da15
no_flood,aider_raw/AIDER/normal/normal_image3101.jpg,f12b3baef8411c81feb0fd605d659a4b
no_flood,aider_raw/AIDER/normal/normal_image3105.jpg,cbcb404a9019dec6f977bc7ca51effdc
no_flood,aider_raw/AIDER/normal/normal_image3115.jpg,c8cc9831418e342d9613006ee32967f7
no_flood,aider_raw/AIDER/normal/normal_image3117.jpg,7d480d9d6a8ec2a1f8902c2424fe5f2c
no_flood,aider_raw/AIDER/normal/normal_image3121.jpg,af00939cfbf7f9263f69e265a0c0ddae
no_flood,aider_raw/AIDER/normal/normal_image3122.jpg,48c9d7044ce8448d5847de5516b62b99
no_flood,aider_raw/AIDER/normal/normal_image3125.jpg,5ceccc8f932ef05dc32897244525597d
no_flood,aider_raw/AIDER/normal/normal_image3127.jpg,f64ec962de707215d034d8c8d2168918
no_flood,aider_raw/AIDER/normal/normal_image3147.jpg,5f1a9fd7e8ff3901eee7b975ce763e32
no_flood,aider_raw/AIDER/normal/normal_image3150.jpg,1f4785718fdb46644970ea55bb5435f8
no_flood,aider_raw/AIDER/normal/normal_image3154.jpg,f70273cb3b3569c3fa9de2279bbdbfe6
no_flood,aider_raw/AIDER/normal/normal_image3157.jpg,528f2dff04e4a3a643db921687eb2e9c
no_flood,aider_raw/AIDER/normal/normal_image3158.jpg,16ea80cba66e696debc65ebe002fd1ae
no_flood,aider_raw/AIDER/normal/normal_image3159.jpg,6d38b09e4717cce1beb7c680aacc22c5
no_flood,aider_raw/AIDER/normal/normal_image3162.jpg,a4abea9006706881a0d2747053bc6fd4
no_flood,aider_raw/AIDER/normal/normal_image3169.jpg,13f8e067b1e81bfce73a77b41314b8d4
no_flood,aider_raw/AIDER/normal/normal_image3185.jpg,5c14117bc715102707441ffed53667f1
no_flood,aider_raw/AIDER/normal/normal_image3186.jpg,90d5a67ef5c30d7b49db7d04b69839a5
no_flood,aider_raw/AIDER/normal/normal_image3191.jpg,933dadd0710566a93f032d89591ae130
no_flood,aider_raw/AIDER/normal/normal_image3192.jpg,cef151a01add0fe69a099a3fc10bf40d
no_flood,aider_raw/AIDER/normal/normal_image3201.jpg,b5bb9a70641f23d24a052fdc98291b31
no_flood,aider_raw/AIDER/normal/normal_image3203.jpg,9cd646a412747ecbb7b537636f13b86a
no_flood,aider_raw/AIDER/normal/normal_image3207.jpg,481e2ff6f1f9610ec35a19f8fd0727ab
no_flood,aider_raw/AIDER/normal/normal_image3212.jpg,a397fe3b7bfbb9392ce74fa78bc8ab83
no_flood,aider_raw/AIDER/normal/normal_image3218.jpg,3873039e39e25f0e95128801a59a1a2a
no_flood,aider_raw/AIDER/normal/normal_image3226.jpg,cc39c044b57a59d7edf0bfa751096bcd
no_flood,aider_raw/AIDER/normal/normal_image3229.jpg,e0660017a6f94ef98c377b1138e33950
no_flood,aider_raw/AIDER/normal/normal_image3230.jpg,bde23e6abba5ea8fceafbc7a8346b424
no_flood,aider_raw/AIDER/normal/normal_image3231.jpg,e992a333c050865256d6487eb2efd887
no_flood,aider_raw/AIDER/normal/normal_image3239.jpg,6aa07b5de2620c399d7dfca8be49dcf1
no_flood,aider_raw/AIDER/normal/normal_image3241.jpg,eee42d514b54d25683b70083fc4b2ff5
no_flood,aider_raw/AIDER/normal/normal_image3247.jpg,c904e95ba62349b67581784543e46cc2
no_flood,aider_raw/AIDER/normal/normal_image3248.jpg,1b8cb759b923c55843081c0e84a548ed
no_flood,aider_raw/AIDER/normal/normal_image3249.jpg,17fc894ddc8ac957dec976f576176c61
no_flood,aider_raw/AIDER/normal/normal_image3252.jpg,292b36fe79ddbb509c4bdb401798bc17
no_flood,aider_raw/AIDER/normal/normal_image3253.jpg,24b2aac74ea083dd2c03b9c404ebafa4
no_flood,aider_raw/AIDER/normal/normal_image3255.jpg,361692b85744a453ad73a6f50f6ae384
no_flood,aider_raw/AIDER/normal/normal_image3256.jpg,53dbfca9e6978a40f5e1e4987e8bce30
no_flood,aider_raw/AIDER/normal/normal_image3257.jpg,496f53d4f8a467f01b640f036a4f08da
no_flood,aider_raw/AIDER/normal/normal_image3260.jpg,2c8388d616f423e92e750a1930b2cb8c
no_flood,aider_raw/AIDER/normal/normal_image3262.jpg,28251d5c82cfb5a32904dc49b6f13b1a
no_flood,aider_raw/AIDER/normal/normal_image3267.jpg,3b1fdb7332321558b54294091e768712
no_flood,aider_raw/AIDER/normal/normal_image3269.jpg,97130833224f250a7e2860bbbae12875
no_flood,aider_raw/AIDER/normal/normal_image3274.jpg,6c9add46e553d9e0a04580e436b437d1
no_flood,aider_raw/AIDER/normal/normal_image3284.jpg,d9e8ab5a2c564b8a1fb8a43e9b4fd518
no_flood,aider_raw/AIDER/normal/normal_image3285.jpg,592a3363c081314e20de11e0ccb2425d
no_flood,aider_raw/AIDER/normal/normal_image3288.jpg,a59b7843cd130785b0ac8bb458c6f5d3
no_flood,aider_raw/AIDER/normal/normal_image3289.jpg,9e0ead8317d2b9af7417a908662dd7b1
no_flood,aider_raw/AIDER/normal/normal_image3290.jpg,69181cbfb25ac12f1032f38dc0441fb5
no_flood,aider_raw/AIDER/normal/normal_image3294.jpg,1f97b9ae7f224696c2555addcf3ce6e0
no_flood,aider_raw/AIDER/normal/normal_image3301.jpg,587142206cae912532963bc156b587b2
no_flood,aider_raw/AIDER/normal/normal_image3314.jpg,4a058b72f24ddb330ab06d93ea027b33
no_flood,aider_raw/AIDER/normal/normal_image3317.jpg,e2b93f17c1abfa88677e4af5e6887617
no_flood,aider_raw/AIDER/normal/normal_image3318.jpg,2f01ce5e712646ad1d5969b4965e4ab8
no_flood,aider_raw/AIDER/normal/normal_image3321.jpg,f13dca623e6ab0a68e9269bb986c49d3
no_flood,aider_raw/AIDER/normal/normal_image3327.jpg,27bbbcffa0f9f3069102d8c2d6cc6115
no_flood,aider_raw/AIDER/normal/normal_image3330.jpg,cee128e675fa7ad53eeea66d80e141f3
no_flood,aider_raw/AIDER/normal/normal_image3338.jpg,de2ad1da2af4cb78a7de4aaae4127cfe
no_flood,aider_raw/AIDER/normal/normal_image3344.jpg,695d2ba09ccd81d22c114abca259f1c2
no_flood,aider_raw/AIDER/normal/normal_image3347.jpg,225602d75bdea1302b0418e64de93987
no_flood,aider_raw/AIDER/normal/normal_image3365.jpg,0f446d8dfa9297a1c1f6524b6a2adc24
no_flood,aider_raw/AIDER/normal/normal_image3369.jpg,6e393a14bdefe1cde16bcc8fc9b10e3c
no_flood,aider_raw/AIDER/normal/normal_image3374.jpg,ec3ce49f5980e3bb5363dc690823250b
no_flood,aider_raw/AIDER/normal/normal_image3381.jpg,b7b450895e0e60232e60d471c1e50fe9
no_flood,aider_raw/AIDER/normal/normal_image3382.jpg,0ae700b9e88739b51a9bdc59c4f49541
no_flood,aider_raw/AIDER/normal/normal_image3384.jpg,a6b520b3ed2f871fc92a5041c6a565d5
no_flood,aider_raw/AIDER/normal/normal_image3385.jpg,94bdc26159f39ab1e0e6d1febdf291ff
no_flood,aider_raw/AIDER/normal/normal_image3386.jpg,6021b017e3d35d613a461c795e11a534
no_flood,aider_raw/AIDER/normal/normal_image3394.jpg,9d3c0e4767854bc41c33578edcc4f84f
no_flood,aider_raw/AIDER/normal/normal_image3399.jpg,64655056c08115887370542ce38d801c
no_flood,aider_raw/AIDER/normal/normal_image3400.jpg,43fe125d570e3b72b388c25617f94899
no_flood,aider_raw/AIDER/normal/normal_image3405.jpg,7bd6b6c4b63005b3c088cb56dd036320
no_flood,aider_raw/AIDER/normal/normal_image3406.jpg,1e97188298335339220397915a7f5e55
no_flood,aider_raw/AIDER/normal/normal_image3414.jpg,9c98d9bebcc2bb98a5cfe96c91beac6f
no_flood,aider_raw/AIDER/normal/normal_image3418.jpg,286be06256832f60b9ebc90c4f6c390f
no_flood,aider_raw/AIDER/normal/normal_image3420.jpg,4079ee160b0ab9d1f6de82dfc671ec85
no_flood,aider_raw/AIDER/normal/normal_image3421.jpg,25206dbaa6e780c9b60286571c4e4794
no_flood,aider_raw/AIDER/normal/normal_image3433.jpg,5cf8c674b9aa910a135f0cae7d1e1b7c
no_flood,aider_raw/AIDER/normal/normal_image3437.jpg,c7dac0e537da5464e1ddfe54b4f5cd63
no_flood,aider_raw/AIDER/normal/normal_image3438.jpg,e6665644c34a24cc1aea27edfb0f6d7a
no_flood,aider_raw/AIDER/normal/normal_image3442.jpg,9f7e2f25ee65c2bcf7098a979bc87022
no_flood,aider_raw/AIDER/normal/normal_image3448.jpg,4c9c043f08d23bf51c0e9b9764d3e750
no_flood,aider_raw/AIDER/normal/normal_image3449.jpg,a8e3ea77396f281c8200f498c51b527a
no_flood,aider_raw/AIDER/normal/normal_image3453.jpg,7b01f7f7a5e8712b8afb76468efdfeb3
no_flood,aider_raw/AIDER/normal/normal_image3465.jpg,55e856c6db7b39c6c83f74bdd0dff214
no_flood,aider_raw/AIDER/normal/normal_image3466.jpg,e82fd11846c3f99e1ff60886173dabcd
no_flood,aider_raw/AIDER/normal/normal_image3474.jpg,ecbf5b354eaf9a560d5d41c0e11be910
no_flood,aider_raw/AIDER/normal/normal_image3477.jpg,8fc42360cd021a9f5ed1201b2f31a7fe
no_flood,aider_raw/AIDER/normal/normal_image3480.jpg,7b37c98ab72fe60b0038c3cba24d1d2f
no_flood,aider_raw/AIDER/normal/normal_image3483.jpg,d32430083cda06a50c503f8c70fb6061
no_flood,aider_raw/AIDER/normal/normal_image3484.jpg,1f44edfb91b6296f6274217f092493be
no_flood,aider_raw/AIDER/normal/normal_image3490.jpg,acb3d5aa9138e9dab34009c73b0c8ccf
no_flood,aider_raw/AIDER/normal/normal_image3491.jpg,d71a131afaf429a8f9dbe781fd4274ef
no_flood,aider_raw/AIDER/normal/normal_image3493.jpg,3fa038b9bdda3ad134c7c7a89fc577d3
no_flood,aider_raw/AIDER/normal/normal_image3495.jpg,186718596c04a29a48b89575486b2661
no_flood,aider_raw/AIDER/normal/normal_image3496.jpg,1d9e281e36bcedcf0bf819a811cf7451
no_flood,aider_raw/AIDER/normal/normal_image3504.jpg,4e6911535f84805762082562464d60f9
no_flood,aider_raw/AIDER/normal/normal_image3513.jpg,8418d5ddeddabc623386f8d6687ee583
no_flood,aider_raw/AIDER/normal/normal_image3514.jpg,f1af48adceb78e82a1928f9171f58a7d
no_flood,aider_raw/AIDER/normal/normal_image3525.jpg,86f69b7e1a51ca5b297a15633bf37088
no_flood,aider_raw/AIDER/normal/normal_image3527.jpg,468c6fcc6b45a050135bcff7f8e4e4ad
no_flood,aider_raw/AIDER/normal/normal_image3528.jpg,bd55b72b15cdbd402275e36730ca85a9
no_flood,aider_raw/AIDER/normal/normal_image3529.jpg,27ca97fa44fab4c383506856ff75b90f
no_flood,aider_raw/AIDER/normal/normal_image3531.jpg,61a88593c0750a7930350075aa901f7a
no_flood,aider_raw/AIDER/normal/normal_image3539.jpg,bff4c456c7c20a04e40e7763b4208d2f
no_flood,aider_raw/AIDER/normal/normal_image3541.jpg,21f9837e0db90eaed854130157338c0b
no_flood,aider_raw/AIDER/normal/normal_image3542.jpg,3bd274254d338ed284bcda5b99e45279
no_flood,aider_raw/AIDER/normal/normal_image3544.jpg,53e4ff8bc4ab5cdadcddac0b929f340e
no_flood,aider_raw/AIDER/normal/normal_image3545.jpg,9bf5c4a5e6ca0399d58a0f470147a303
no_flood,aider_raw/AIDER/normal/normal_image3547.jpg,bad142abf324f9e2bcb4de6f028ccff8
no_flood,aider_raw/AIDER/normal/normal_image3553.jpg,368174734cf9fc30c7ad842e4a869d05
no_flood,aider_raw/AIDER/normal/normal_image3554.jpg,bac9aca40d799a2929146dd1b2bdf9f5
no_flood,aider_raw/AIDER/normal/normal_image3555.jpg,88415c97563a2c13b935201da6976f8d
no_flood,aider_raw/AIDER/normal/normal_image3559.jpg,37b411bf17b90935eca2376ef0897983
no_flood,aider_raw/AIDER/normal/normal_image3560.jpg,e1715f7486b4757754935497da81be69
no_flood,aider_raw/AIDER/normal/normal_image3563.jpg,78f13a2e03af5bada4323743c7d60e69
no_flood,aider_raw/AIDER/normal/normal_image3564.jpg,c5bc59f0a83ab24a03db045034f0a3c9
no_flood,aider_raw/AIDER/normal/normal_image3566.jpg,82540d41267a238c978e9516cc7ef286
no_flood,aider_raw/AIDER/normal/normal_image3586.jpg,999a61b5000f5551c17bdc1a2b205b2d
no_flood,aider_raw/AIDER/normal/normal_image3587.jpg,68297a8e57d31608e4e1b69da6850cfa
no_flood,aider_raw/AIDER/normal/normal_image3622.jpg,8c9246f131d1a6c5fc66c57d6f054614
no_flood,aider_raw/AIDER/normal/normal_image3630.jpg,e778ec5bf4e35304a26236eec9969f08
no_flood,aider_raw/AIDER/normal/normal_image3638.jpg,fb934406327c31f0f3f02a19c07cf68e
no_flood,aider_raw/AIDER/normal/normal_image3648.jpg,1a66c3f2e6d9da7bd87a79d3d3cb30d2
no_flood,aider_raw/AIDER/normal/normal_image3649.jpg,83f4511d16ab10126329d1e56c3ebd0f
no_flood,aider_raw/AIDER/normal/normal_image3650.jpg,21698340bb18bff87a3637d890b671ae
no_flood,aider_raw/AIDER/normal/normal_image3654.jpg,23ee29e6852438794d87c46644edbc2d
no_flood,aider_raw/AIDER/normal/normal_image3662.jpg,4581ac9387b4ff5ebbe950c17a57c4ce
no_flood,aider_raw/AIDER/normal/normal_image3673.jpg,c3d589a6f9727deb48db6c5e771dcd06
no_flood,aider_raw/AIDER/normal/normal_image3674.jpg,398446fb895d90194504c46aa4342d2b
no_flood,aider_raw/AIDER/normal/normal_image3679.jpg,52e1d1f90969b88e5dd64b9384e77ebf
no_flood,aider_raw/AIDER/normal/normal_image3680.jpg,c6886d9920cfebbe639e6febd7efc87c
no_flood,aider_raw/AIDER/normal/normal_image3686.jpg,96c985c7ebc17190a296a12aeb34eff9
no_flood,aider_raw/AIDER/normal/normal_image3698.jpg,ff440b56ca66d277ebb935f2cdb822fa
no_flood,aider_raw/AIDER/normal/normal_image3700.jpg,4da56ff0cb665554066fdc29704e2540
no_flood,aider_raw/AIDER/normal/normal_image3701.jpg,83ca2918712f4c0a038966806ef89682
no_flood,aider_raw/AIDER/normal/normal_image3710.jpg,f3414aa2414780cfd229f0fb2fb603eb
no_flood,aider_raw/AIDER/normal/normal_image3714.jpg,bd6cbf253da592863f16836559fa4e4a
no_flood,aider_raw/AIDER/normal/normal_image3721.jpg,d0c1a9ffd0016734720c23dad6f40d41
no_flood,aider_raw/AIDER/normal/normal_image3722.jpg,9d99cae8235954ced50cfc3d26db2e77
no_flood,aider_raw/AIDER/normal/normal_image3723.jpg,bc8904d5aa5ba0bbc3457b3216d92deb
no_flood,aider_raw/AIDER/normal/normal_image3726.jpg,b8ca9c02c93e98df1f23e10e43eefb3a
no_flood,aider_raw/AIDER/normal/normal_image3729.jpg,3dfd2a4a7cfb0a61f04b81c306db002d
no_flood,aider_raw/AIDER/normal/normal_image3736.jpg,8e46cc49d58ef3016bc79f639683860a
no_flood,aider_raw/AIDER/normal/normal_image3751.jpg,e46c6b85142deadba711ede0df0597f3
no_flood,aider_raw/AIDER/normal/normal_image3755.jpg,08b2af9394bb4b76abd605c045b74d73
no_flood,aider_raw/AIDER/normal/normal_image3761.jpg,f329bd1cac4d4aa11376ec1e9227fae9
no_flood,aider_raw/AIDER/normal/normal_image3766.jpg,d4b869a45a25cf5c3602c0aea69bdb0d
no_flood,aider_raw/AIDER/normal/normal_image3770.jpg,668173141d1593a006b222db009ef056
no_flood,aider_raw/AIDER/normal/normal_image3772.jpg,bbf1de3d1c76a9e9fd1e1b79cc0850e0
no_flood,aider_raw/AIDER/normal/normal_image3784.jpg,256f65788324013ec75f483d1781e724
no_flood,aider_raw/AIDER/normal/normal_image3785.jpg,bdd221d7c1b8ddb640564eca73d18957
no_flood,aider_raw/AIDER/normal/normal_image3788.jpg,d051c7c48e0e99da983207d4b50fe522
no_flood,aider_raw/AIDER/normal/normal_image3791.jpg,57cfeb9d99da7a65f2959eee8003872b
no_flood,aider_raw/AIDER/normal/normal_image3803.jpg,da6c7ae9041c741e1c32c216ab98c136
no_flood,aider_raw/AIDER/normal/normal_image3809.jpg,1ee499da1d5ba75ab0d2e3995c68e497
no_flood,aider_raw/AIDER/normal/normal_image3811.jpg,88fd0cab66e46736f1dda80145445c99
no_flood,aider_raw/AIDER/normal/normal_image3812.jpg,336c8751070f3fef22055d34c4aac620
no_flood,aider_raw/AIDER/normal/normal_image3842.jpg,9e9a19cb9f834172767fc43b24479a84
no_flood,aider_raw/AIDER/normal/normal_image3843.jpg,80133d80e7ff2903cd3f5e2bad07493a
no_flood,aider_raw/AIDER/normal/normal_image3844.jpg,063dfc085fe1a0c9d4140f8e83a7047b
no_flood,aider_raw/AIDER/normal/normal_image3845.jpg,34196370b27932855b692372cb67c433
no_flood,aider_raw/AIDER/normal/normal_image3848.jpg,332fadeee59505d1830ea1e4732c0fd5
no_flood,aider_raw/AIDER/normal/normal_image3849.jpg,375d6a26371a1b5b7111ed5a0e992633
no_flood,aider_raw/AIDER/normal/normal_image3852.jpg,3efba992a0411e2daab747f78c9f61c5
no_flood,aider_raw/AIDER/normal/normal_image3854.jpg,926f6002e79fe1a576b9f1660330486f
no_flood,aider_raw/AIDER/normal/normal_image3855.jpg,0368b6e5187a0ee568688533cc51084b
no_flood,aider_raw/AIDER/normal/normal_image3856.jpg,8254bace64aa48a8b215dcb7795ecdaf
no_flood,aider_raw/AIDER/normal/normal_image3861.jpg,c4b51fa200cf612512cf77d4c928ae65
no_flood,aider_raw/AIDER/normal/normal_image3862.jpg,8c15a4af42996e0883615933478a9b52
no_flood,aider_raw/AIDER/normal/normal_image3867.jpg,68b664247b33cb45411edf236e5e04ba
no_flood,aider_raw/AIDER/normal/normal_image3870.jpg,9e3605ad6a5125fdcb0739d0ab3b3887
no_flood,aider_raw/AIDER/normal/normal_image3876.jpg,155ca4459fc2062f3666b663e720795a
no_flood,aider_raw/AIDER/normal/normal_image3881.jpg,470d59d7348968cce423356c691f823d
no_flood,aider_raw/AIDER/normal/normal_image3888.jpg,b7238a1bc0b09ba8820ba191de299b6e
no_flood,aider_raw/AIDER/normal/normal_image3890.jpg,a9426a8b58eef6d020c812a8f81c9e2e
no_flood,aider_raw/AIDER/normal/normal_image3894.jpg,a7642c3e097efa5f13ed99b959f8df29
no_flood,aider_raw/AIDER/normal/normal_image3900.jpg,b4f9a9a2048c2e8c774a38c96d4c5e7f
no_flood,aider_raw/AIDER/normal/normal_image3906.jpg,3d077c31b0cc3e3173d2093c815b8ab3
no_flood,aider_raw/AIDER/normal/normal_image3929.jpg,cb50fc0e79d5653b6d8f1eeddd959df7
no_flood,aider_raw/AIDER/normal/normal_image3936.jpg,53b9a4f8095ec8ae156cce4eccb4e09d
no_flood,aider_raw/AIDER/normal/normal_image3944.jpg,b2a824b02b7f1e4e3d5f79a263d9c07f
no_flood,aider_raw/AIDER/normal/normal_image3945.jpg,ea2816393a65d29494d472d57f7d8cfe
no_flood,aider_raw/AIDER/normal/normal_image3952.jpg,1ffaf4b22be57d3e0fb61f9be60bf0ae
no_flood,aider_raw/AIDER/normal/normal_image3958.jpg,85f94671ac4185d8a317a0ebac5e407f
no_flood,aider_raw/AIDER/normal/normal_image3961.jpg,34e2dd9dd5289b7f075ca219b073dd1f
no_flood,aider_raw/AIDER/normal/normal_image3962.jpg,d8c1c1b155c8ed18be9b78e63027aa4f
no_flood,aider_raw/AIDER/normal/normal_image3964.jpg,3ee8f0410b499a8a3b2ed0843f4f82ee
no_flood,aider_raw/AIDER/normal/normal_image3974.jpg,f0c2e52a90d78ae9153317de5a3ad62e
no_flood,aider_raw/AIDER/normal/normal_image3976.jpg,e19978f487dce8555b08b0f2627139b7
no_flood,aider_raw/AIDER/normal/normal_image3983.jpg,722db735758636e9d8e87245fc0f2cbb
no_flood,aider_raw/AIDER/normal/normal_image3991.jpg,9df07f80e180660380ad956e4aade860
no_flood,aider_raw/AIDER/normal/normal_image4016.jpg,a2fd0c7a69fdb766f7e63658d437af44
no_flood,aider_raw/AIDER/normal/normal_image4017.jpg,5642942694b96b50bae012c733049435
no_flood,aider_raw/AIDER/normal/normal_image4026.jpg,2704114aef83244f9ed60952a69f4ea9
no_flood,aider_raw/AIDER/normal/normal_image4028.jpg,629eacdde8f97f6966b72fe687482ee5
no_flood,aider_raw/AIDER/normal/normal_image4030.jpg,51cd136d4860a03934abcbcd88371191
no_flood,aider_raw/AIDER/normal/normal_image4036.jpg,9c53e99dc34eada4a4dbf04cf68e1e3e
no_flood,aider_raw/AIDER/normal/normal_image4045.jpg,2a002ef748321775aa98179843e4f109
no_flood,aider_raw/AIDER/normal/normal_image4052.jpg,89236af6b360e17ec5f182e85ac34a61
no_flood,aider_raw/AIDER/normal/normal_image4057.jpg,33c4a2b909ff5fd52e2f65fc7a8908e7
no_flood,aider_raw/AIDER/normal/normal_image4065.jpg,6d7ca881cd0aa390074ae6b7177c2ced
no_flood,aider_raw/AIDER/normal/normal_image4068.jpg,91ab03ef4e9e296ef47e5c1cbe70bd9f
no_flood,aider_raw/AIDER/normal/normal_image4076.jpg,fce539b504f97a9dc342db29f2e8cca6
no_flood,aider_raw/AIDER/normal/normal_image4077.jpg,81f753bf3f06b0b89bd1bd143b405b43
no_flood,aider_raw/AIDER/normal/normal_image4083.jpg,e3da412d863964b9a41d48b428043673
no_flood,aider_raw/AIDER/normal/normal_image4084.jpg,0eb3d8df0390a03e195d1e871f1496c6
no_flood,aider_raw/AIDER/normal/normal_image4089.jpg,ebb504b9687a97a1ac4633b926475b04
no_flood,aider_raw/AIDER/normal/normal_image4090.jpg,16e0d2f3d49ecb68722e58160c8f92b7
no_flood,aider_raw/AIDER/normal/normal_image4092.jpg,a134843966df34ce2d8bec17f453f6d0
no_flood,aider_raw/AIDER/normal/normal_image4095.jpg,c888e822487cbf8d4e23bf04437d7a94
no_flood,aider_raw/AIDER/normal/normal_image4101.jpg,c95fa35bd7137dd9f7345ccb1fa081ae
no_flood,aider_raw/AIDER/normal/normal_image4106.jpg,6b7170775608a3c154057c52c5fc95f4
no_flood,aider_raw/AIDER/normal/normal_image4107.jpg,9c9f9d971b134d3eaef164ef8d23675d
no_flood,aider_raw/AIDER/normal/normal_image4112.jpg,03c5d681cb1ba36ec324aa14aa698f8b
no_flood,aider_raw/AIDER/normal/normal_image4120.jpg,ac7e64fa82939522734b8eef85702604
no_flood,aider_raw/AIDER/normal/normal_image4121.jpg,f8e5773065e690dec7127c77cf7f0e91
no_flood,aider_raw/AIDER/normal/normal_image4127.jpg,b02c3c73d4f305c2ec34db4e78263f4c
no_flood,aider_raw/AIDER/normal/normal_image4139.jpg,86e86f7079ab72cd1486afeea67ebb6d
no_flood,aider_raw/AIDER/normal/normal_image4141.jpg,ffd60e41f0b787660ff8f3b0bd18cb72
no_flood,aider_raw/AIDER/normal/normal_image4153.jpg,a75473dc87aee375a780d3c12f20daaa
no_flood,aider_raw/AIDER/normal/normal_image4155.jpg,1116f3eab1d30819ab293ff890070c47
no_flood,aider_raw/AIDER/normal/normal_image4158.jpg,2ef8376aa64b34171f0a337a2fc083fa
no_flood,aider_raw/AIDER/normal/normal_image4159.jpg,25fc67ad7cdbb0356d3a2b611ff39756
no_flood,aider_raw/AIDER/normal/normal_image4176.jpg,0da518226bb6007b37d8a70aa75e2b80
no_flood,aider_raw/AIDER/normal/normal_image4179.jpg,74d46d0d6f0147cd51fa28e7c568c90c
no_flood,aider_raw/AIDER/normal/normal_image4187.jpg,48479383515a2590eab1acd6a24d3bec
no_flood,aider_raw/AIDER/normal/normal_image4189.jpg,0f3b693ca7a17d850a59639bf4ab7451
no_flood,aider_raw/AIDER/normal/normal_image4193.jpg,98ffefac314beb84b7d127ad3ea78e02
no_flood,aider_raw/AIDER/normal/normal_image4200.jpg,35f3fe79baa8e971d76f891e171feb91
no_flood,aider_raw/AIDER/normal/normal_image4201.jpg,3ad9cf29f83c83991ce4c73a512f0a45
no_flood,aider_raw/AIDER/normal/normal_image4202.jpg,f47a6d7238ec87c253d5021477fd8c1b
no_flood,aider_raw/AIDER/normal/normal_image4205.jpg,9658a9e78338555b2c7a69ed054c4320
no_flood,aider_raw/AIDER/normal/normal_image4221.jpg,9fb4d2fd16719d7823a3ede057b8e5e8
no_flood,aider_raw/AIDER/normal/normal_image4225.jpg,6912a544161fcabfabe8653668fbd69d
no_flood,aider_raw/AIDER/normal/normal_image4227.jpg,a7abb92c6049da79ea8fc3f15144be62
no_flood,aider_raw/AIDER/normal/normal_image4229.jpg,452971591de9d809e5571d046b36a323
no_flood,aider_raw/AIDER/normal/normal_image4235.jpg,086f439df4b5bad2a4a8aa40f86f4c03
no_flood,aider_raw/AIDER/normal/normal_image4237.jpg,402a81498b198b02b4141804d6c88f96
no_flood,aider_raw/AIDER/normal/normal_image4243.jpg,601c9d62746eac51863e7ddb3e73ea2e
no_flood,aider_raw/AIDER/normal/normal_image4244.jpg,b2675ff85478ebe520ebba35fc8120f0
no_flood,aider_raw/AIDER/normal/normal_image4251.jpg,c1c8548147a8999fbfa449d2a74e50c0
no_flood,aider_raw/AIDER/normal/normal_image4258.jpg,3b0e1f60f468133087bdb70f1e18f992
no_flood,aider_raw/AIDER/normal/normal_image4261.jpg,cc4e5bcf5cc78ed2404575b237ed50a3
no_flood,aider_raw/AIDER/normal/normal_image4263.jpg,a01f5bfae8390188a0caf27ea5ffc486
no_flood,aider_raw/AIDER/normal/normal_image4265.jpg,bc4c3080df6f68187f9663775bc95aa6
no_flood,aider_raw/AIDER/normal/normal_image4267.jpg,4119ed28469195e576e45592257a2f03
no_flood,aider_raw/AIDER/normal/normal_image4269.jpg,2cc0618e240345890986bff556d59cdb
no_flood,aider_raw/AIDER/normal/normal_image4271.jpg,95531d1c9fdb26dd15ce21ce8ebfbfe8
no_flood,aider_raw/AIDER/normal/normal_image4272.jpg,542217c1456e15381b273e0e1d75e19e
no_flood,aider_raw/AIDER/normal/normal_image4277.jpg,073e8cb74764b3061f3ffe58813efb7c
no_flood,aider_raw/AIDER/normal/normal_image4278.jpg,685c79caa8261bec1842acc7bf615f4d
no_flood,aider_raw/AIDER/normal/normal_image4279.jpg,d5e63c92db2f53dcbfe6c1e85fd833ad
no_flood,aider_raw/AIDER/normal/normal_image4283.jpg,7d7c948b5c4e3e41fe624a7a6e8dfff8
no_flood,aider_raw/AIDER/normal/normal_image4288.jpg,cd70b75b63874f3a078d006d8f50a99f
no_flood,aider_raw/AIDER/normal/normal_image4289.jpg,2f702a36a335eb3089ff473e0f796b8d
no_flood,aider_raw/AIDER/normal/normal_image4291.jpg,a2bec7516b00eecfd2ee7f819e09e68b
no_flood,aider_raw/AIDER/normal/normal_image4294.jpg,d8fb932f4fb0c9987603b54f58956ff9
no_flood,aider_raw/AIDER/normal/normal_image4304.jpg,a8174ff6b940192bf77a6cb7bd773ffd
no_flood,aider_raw/AIDER/normal/normal_image4306.jpg,ba9f97ccd390609d76ed4d064966c814
no_flood,aider_raw/AIDER/normal/normal_image4308.jpg,ff72b17915c14d5c289a0a2ef11363ab
no_flood,aider_raw/AIDER/normal/normal_image4326.jpg,1a204a56020be30e1b9c315f7cdc7daf
no_flood,aider_raw/AIDER/normal/normal_image4333.jpg,fb0de770de1f7de9f8c573e9ab7726d1
no_flood,aider_raw/AIDER/normal/normal_image4335.jpg,363e0f33e97f4a6e29e14c789d75b448
no_flood,aider_raw/AIDER/normal/normal_image4340.jpg,6953bb32670d907fc12dbd502d38d88e
no_flood,aider_raw/AIDER/normal/normal_image4341.jpg,4aaaa141d0aab998c5bf6924f57e5f31
no_flood,aider_raw/AIDER/normal/normal_image4365.jpg,da04b7ee81fccc6196a2576574194b2e
no_flood,aider_raw/AIDER/normal/normal_image4388.jpg,e6877a29bff14908dbbf106dd3e5488d
no_flood,aider_raw/AIDER/normal/normal_image4390.jpg,0725dc78e2afd28a27c552bf1f8c3409
