epoch,accuracy,auc,learning_rate,loss,precision,recall,val_accuracy,val_auc,val_loss,val_precision,val_recall
0,0.8473782539367676,0.9304852485656738,0.0010000000474974513,0.33782505989074707,0.7481840252876282,0.8396739363670349,0.8384279608726501,0.9907594919204712,0.389363557100296,0.681034505367279,1.0
1,0.9260299801826477,0.9793459177017212,0.0010000000474974513,0.18331190943717957,0.8676844835281372,0.926630437374115,0.9301310181617737,0.9903374910354614,0.17197801172733307,0.8539325594902039,0.9620253443717957
2,0.9428839087486267,0.9851785898208618,0.0010000000474974513,0.14853505790233612,0.8946015238761902,0.945652186870575,0.9475982785224915,0.991856575012207,0.11228539049625397,0.9036144614219666,0.949367105960846
3,0.9559925198554993,0.9886471033096313,0.0010000000474974513,0.1336609274148941,0.9125964045524597,0.9646739363670349,0.9519650936126709,0.9924894571304321,0.10649487376213074,0.925000011920929,0.9367088675498962
4,0.9578651785850525,0.992546558380127,0.0010000000474974513,0.11022474616765976,0.9194805026054382,0.9619565010070801,0.9475982785224915,0.9923205375671387,0.11735570430755615,0.9135802388191223,0.9367088675498962
5,0.9522472023963928,0.9909064769744873,0.0010000000474974513,0.11986202001571655,0.9160104990005493,0.948369562625885,0.960698664188385,0.994303822517395,0.09049241989850998,0.9487179517745972,0.9367088675498962
6,0.9588015079498291,0.9932724833488464,0.0010000000474974513,0.10322624444961548,0.9263157844543457,0.95652174949646,0.9694322943687439,0.993628740310669,0.09022782742977142,0.9864864945411682,0.9240506291389465
7,0.9588015079498291,0.9934471845626831,0.0010000000474974513,0.10005106031894684,0.9240837693214417,0.95923912525177,0.9694322943687439,0.9935864806175232,0.09896139800548553,0.9864864945411682,0.9240506291389465
8,0.9700374603271484,0.994670033454895,0.0010000000474974513,0.08614861965179443,0.9468085169792175,0.967391312122345,0.9563318490982056,0.9920675158500671,0.10484853386878967,0.9599999785423279,0.9113923907279968
9,0.9606741666793823,0.9930745959281921,0.0010000000474974513,0.101828932762146,0.928947389125824,0.95923912525177,0.960698664188385,0.9953163862228394,0.08572006970643997,0.9268292784690857,0.9620253443717957
10,0.9747191071510315,0.9977096319198608,0.0010000000474974513,0.0635356679558754,0.9475065469741821,0.98097825050354,0.9475982785224915,0.9951055645942688,0.10994839668273926,0.8941176533699036,0.9620253443717957
11,0.9681648015975952,0.9929386377334595,0.0010000000474974513,0.09520135074853897,0.9304123520851135,0.98097825050354,0.9694322943687439,0.9946836233139038,0.0807567611336708,0.9864864945411682,0.9240506291389465
12,0.9728464484214783,0.9979950189590454,0.0010000000474974513,0.061221446841955185,0.9472295641899109,0.9755434989929199,0.9388646483421326,0.994346022605896,0.12370262295007706,0.8651685118675232,0.9746835231781006
13,0.9737827777862549,0.9967954754829407,0.0010000000474974513,0.06735537946224213,0.9473684430122375,0.97826087474823,0.960698664188385,0.9939662218093872,0.09330609440803528,0.9375,0.949367105960846
14,0.9784644246101379,0.9974902272224426,0.0010000000474974513,0.058730557560920715,0.9551451206207275,0.9836956262588501,0.9650654792785645,0.9958650469779968,0.07905074208974838,0.949367105960846,0.949367105960846
